,name,address,location,built_date,price_min,price_max,plan_min,plan_max,area_min,are_max
0,パークシティ武蔵小山　ザ　タワー　,品川区小山３,東急目黒線/武蔵小山 徒歩1分,2020年4月,6750万円,2億6390万円,1LDK,3LDK,47.08,122.11
1,ザ・パークハウス オイコス 赤羽志茂,北区志茂３,東京メトロ南北線/志茂 徒歩6分,2019年3月,3900万円台,7500万円台,3LDK,4LDK,65.26,84.52
2,BrilliaCity 三鷹,練馬区関町南４,ＪＲ中央線/三鷹 バス10分 停歩2分,2019年11月,3900万円台,5400万円台,3LDK,3LDK,70.98,77.24
3,アトラス品川中延,品川区中延２,東急池上線/荏原中延 徒歩4分,2019年4月,4568万円,1億588万円,1LDK,4LDK,40.75,87.05
4,ラコント早稲田,新宿区早稲田鶴巻町512-8、9、10,東京メトロ東西線/早稲田 徒歩2分,2018年7月,3400万円台,8200万円台,1LDK,2LDK,30.09,60.88
5,アトラス中野南台,中野区南台３,東京メトロ丸ノ内線/中野富士見町 徒歩12分,2018年12月,3198万円,7298万円,1K,3LDK,32.49,73.73
6,リビオレゾン渋谷笹塚,渋谷区幡ヶ谷３,京王線/笹塚 徒歩10分,2018年9月,3500万円台,6100万円台,1LDK,1LDK,35.44,62.69
7,リビオレゾン東陽町ステーションプレミア,江東区東陽２,東京メトロ東西線/東陽町 徒歩3分,2019年3月,4990万円,6790万円,2LDK,2LDK,54.06,67.61
8,ピアース馬込,大田区中馬込２,都営浅草線/馬込 徒歩6分,2018年8月,2500万円台,4200万円台,1K,1LDK,25.04,41.7
9,ピアース南麻布,港区南麻布２,東京メトロ南北線/白金高輪 徒歩5分,2018年11月,3100万円台,7800万円台,1K,2LDK,22.33,57.29
10,ウエリス仙川調布の森,調布市入間町２,小田急線/成城学園前 バス5分 停歩4分,2019年2月,3600万円台,6400万円台,3LDK,3LDK,70.61,100.4
11,リビオ神楽坂,新宿区北山伏町,都営大江戸線/牛込柳町 徒歩5分,2019年2月,2800万円台,8900万円台,1K,3LDK,25,70.05
12,パークタワー晴海,中央区晴海２,東京メトロ有楽町線/月島 徒歩12分,2019年9月,4300万円台,1億7900万円台,1LDK,4LDK,42.53,121.16
13,パークホームズ吉祥寺北グランヴィラ,練馬区関町南３,ＪＲ中央線/吉祥寺 バス9分 停歩2分,2018年4月,4758万円,8798万円,2LDK,2LDK,60.62,92.6
14,パークホームズ田無 ザ ガーデン,西東京市田無町４,西武新宿線/田無 徒歩8分,2019年3月,3500万円台,6000万円台,2LDK,4LDK,55.83,78.17
15,ザ ブルームテラス,町田市小川字十号1564番2外,東急田園都市線/すずかけ台 徒歩10分,即入居可,3648万円,4158万円,3LDK,3LDK,73.2,75.64
16,ザ・パークハウス 花小金井ガーデン,小平市鈴木町２,ＪＲ中央線/武蔵小金井 バス7分 停歩4分,即入居可,3900万円台,5100万円台,2LDK,2LDK,62.26,80.09
17,グランドメゾン品川シーサイドの杜,品川区東品川４,りんかい線/品川シーサイド 徒歩3分,2020年1月,5350万円,8060万円,2LDK,3LDK,62.33,72.84
18,プラウドシティ越中島,江東区越中島２,東京メトロ東西線/門前仲町 徒歩11分,2019年3月,5679万円,8599万円,2LDK,4LDK,64.37,83.37
19,プラウド東陽町サウス,江東区東陽２,東京メトロ東西線/東陽町 徒歩4分,2018年6月,6389万円,7409万円,2LDK,2LDK,70.72,70.72
20,ザ・マジェスティコート 目黒,目黒区下目黒２,ＪＲ山手線/目黒 徒歩8分,2018年11月,3160万円,5790万円,1R,1R,27.79,48.54
21,パークホームズ文京小日向　ザ レジデンス,文京区小日向２,東京メトロ丸ノ内線/茗荷谷 徒歩7分,2018年3月,8230万円,1億2300万円,3LDK,3LDK,74.28,92.81
22,グランドメゾン江古田の杜,中野区江古田３,都営大江戸線/新江古田 徒歩10分,2018年3月,4960万円,6950万円,2LDK,3LDK,58.1,84.63
23,プラウド西葛西,江戸川区西葛西４,東京メトロ東西線/西葛西 徒歩8分,2019年3月,5199万円,1億89万円,2LDK+S,4LDK,70.56,100.09
24,蘆花公園 ザ・レジデンス,世田谷区粕谷２,京王線/芦花公園 徒歩6分,2018年3月,6598万円,7598万円,3LDK,3LDK,70.95,80.34
25,ルフォン久米川 武蔵野けやきの杜,東村山市栄町３,西武新宿線/久米川 徒歩8分,2017年12月,2900万円台,5500万円台,3LDK,4LDK,68.62,85.59
26,イニシア新宿早稲田,新宿区西早稲田１,東京メトロ東西線/早稲田 徒歩5分,2017年11月下旬,3768万円,3768万円,1DK,1DK,30.74,30.74
27,ザ・パークハウス 花小金井フロント,小平市花小金井１,西武新宿線/花小金井 徒歩4分,2017年11月下旬,3800万円台,6400万円台,2LDK,4LDK,58.64,85.56
28,パークホームズ調布桜堤通り,調布市染地２,京王線/調布 バス7分 停歩1分,即入居可,4048万円,4898万円,3LDK,3LDK,73.28,88.99
29,ザ・パークハウス 国分寺四季の森,国分寺市東恋ヶ窪１,ＪＲ中央線/西国分寺 徒歩10分,2018年10月、2018年3月,4200万円台,6300万円台,3LDK,3LDK,69.67,87.57
30,BrilliaCity 石神井台,練馬区石神井台４,西武新宿線/上石神井 徒歩10分,即入居可,4400万円台,6900万円台,3LDK,4LDK,69.97,89.11
31,ザ・パークハウス 立川テラス,立川市錦町１,ＪＲ中央線/立川 徒歩9分,2018年12月,4668万円,6748万円,2LDK,2LDK,58.92,80.2
32,クレストシティ木場,江東区塩浜２,東京メトロ東西線/木場 徒歩11分,即入居可,4798万円,5788万円,3LDK,3LDK,67.41,76.59
33,パークホームズ武蔵小金井　緑町,小金井市緑町５,ＪＲ中央線/武蔵小金井 徒歩11分,2018年3月,4800万円台,5600万円台,2LDK,3LDK,60.01,73.98
34,プラウドシティ大田六郷,大田区西六郷３,京急本線/雑色 徒歩11分,即入居可,4900万円台,5100万円台,3LDK,3LDK,68.22,73.7
35,プレイスヴィラ喜多見,狛江市岩戸北２,小田急線/喜多見 徒歩7分,即入居可,5038万円,7998万円,3LDK,3LDK,70.38,95.42
36,ザ・パークハウス 国分寺緑邸,国分寺市本町４,ＪＲ中央線/国分寺 徒歩4分,即入居可,5898万円,8658万円,2LDK+S,2LDK+S,70.31,79.09
37,ザ・パークハウス アーバンス 目黒平町,目黒区平町１,東急東横線/都立大学 徒歩7分,2018年11月,5990万円,9280万円,1LDK,3LDK,53.95,70.06
38,ブランズシティ世田谷中町,世田谷区中町５,東急田園都市線/桜新町 徒歩15分,即入居可,6270万円,9280万円,3LDK,3LDK,70.58,90.68
39,パークナード経堂,世田谷区桜上水１,小田急線/経堂 徒歩10分,即入居可,6580万円,8090万円,2LDK,2LDK,56.21,72.12
40,シティハウス神宮北参道,渋谷区千駄ヶ谷４,東京メトロ副都心線/北参道 徒歩3分,即入居可,9980万円,1億3980万円,2LDK,3LDK,55.15,70.45
41,ディスカバテラス プロジェクト,東村山市富士見町１,ＪＲ中央線/立川 バス30分 停歩5分,2019年3月,1900万円台,5100万円台,3LDK,3LDK,68.64,87.61
42,パークホームズ立川錦町,立川市錦町４,ＪＲ南武線/西国立 徒歩7分,2018年7月,3480万円,7380万円,2LDK,4LDK,64.15,85.26
43,Brillia大山 Park Front,板橋区大山西町,東武東上線/大山 徒歩7分,2018年12月,4518万円,7798万円,2LDK,4LDK,56.91,83.16
44,ウエリス新宿早稲田の森,新宿区大久保３,東京メトロ副都心線/西早稲田 徒歩3分,2018年8月,4998万円,9198万円,1LDK,3LDK,44.77,81.2
45,ザ・レジデンス ひばりが丘,西東京市谷戸町２,西武池袋線/ひばりヶ丘 徒歩10分,2018年11月,3998万円,6398万円,2LDK,4LDK,58.77,85.35
46,ザ・パークハウス 町田フロント,町田市原町田５,小田急線/町田 徒歩5分,2019年2月,4378万円,4378万円,2LDK,2LDK,56.46,56.46
47,クレヴィア調布国領RESIDENCE,調布市国領町４,京王線/国領 徒歩3分,2018年3月,5398万円,6988万円,3LDK,3LDK,65.87,79.06
48,プライムパークス品川シーサイド ザ・タワー,品川区東品川４,りんかい線/品川シーサイド 徒歩3分,2019年3月,3900万円台,9700万円台,1LDK,4LDK,53.38,91.79
49,パークホームズ本郷 ザ レジデンス,文京区本郷６,都営大江戸線/春日 徒歩5分,2018年11月,5700万円台,1億8000万円台,1LDK,3LDK,43.98,100.17
50,プラウド銀座東レジデンス,中央区明石町,東京メトロ有楽町線/新富町 徒歩2分,2019年3月,7100万円台,1億900万円台,2LDK,2LDK,58.05,85.61
51,BrilliaTower 代々木公園 CLASSY,渋谷区富ヶ谷１,東京メトロ千代田線/代々木公園 徒歩2分,2019年2月,価格未定,価格未定,2LDK,2LDK,58.66,85.67
52,ウエリス武蔵野富士見町,東村山市富士見町１,西武国分寺線/小川 徒歩14分,即入居可,2530万円,3940万円,3LDK,3LDK,68.6,84.74
53,ファインシティ王子神谷リバー＆フォレスト,足立区新田１,東京メトロ南北線/王子神谷 徒歩15分,即入居可,2598万円,3598万円,3LDK,3LDK,67.84,70.2
54,クリオ レジダンス八王子ザ・マークス,八王子市旭町,ＪＲ中央線/八王子 徒歩3分,2019年3月,2794万6000円,6598万円,1LDK,3LDK,32.25,82.03
55,メイツ北綾瀬　トレエッセ,足立区加平２,東京メトロ千代田線/北綾瀬 徒歩10分,即入居可,2900万円台,4500万円台,3LDK,3LDK,68.42,83.5
56,レーベン青砥LICELT,葛飾区高砂１,京成本線/青砥 徒歩9分,2018年2月,2900万円台,3900万円台,3LDK,3LDK,62.17,82.35
57,アデニウム板橋浮間公園,板橋区舟渡２,ＪＲ埼京線/浮間舟渡 徒歩8分,2017年12月、2017年11月下旬,2900万円台,4300万円台,2LDK,3LDK,54.05,67.1
58,武蔵野富士見 ザ・レジデンス,東村山市富士見町１,西武国分寺線/小川 徒歩9分,即入居可,2900万円台,4000万円台,3LDK,3LDK,65.78,73.2
59,インプレスト コア 赤羽,北区岩淵町,ＪＲ京浜東北線/赤羽 徒歩10分,2019年3月,2998万円,5058万円,1LDK,1LDK,33.02,54.84
60,ネベル巣鴨,豊島区西巣鴨４,都営三田線/西巣鴨 徒歩6分,2017年11月下旬,3300万円台,5300万円台,1LDK,1LDK,38.17,56.48
61,レーベン新小岩innovia,江戸川区本一色１,ＪＲ総武線/新小岩 徒歩17分,即入居可,3300万円台,5400万円台,3LDK,3LDK,65.88,80.94
62,ルフォン小平美園町ザ・レジデンス,小平市美園町２,西武新宿線/小平 徒歩3分,即入居可,3590万円,4190万円,3LDK,3LDK,68.32,80.38
63,アトラス白金高輪,港区三田５,東京メトロ南北線/白金高輪 徒歩6分,2018年4月,3850万円,1億7960万円,1K,3LDK,31.29,116.81
64,イニシア田端ツインマークス,北区田端新町２,ＪＲ山手線/田端 徒歩10分,2018年8月,3900万円台,5600万円台,2LDK,2LDK,64.38,64.38
65,ヴェレーナシティ 東京イーストガーデンズ,江東区東砂７,東京メトロ東西線/南砂町 徒歩12分,2018年8月,4100万円台,6400万円台,3LDK,3LDK,66.31,83.42
66,リリーゼ光が丘アベニュー,練馬区土支田２,都営大江戸線/光が丘 徒歩14分,2018年6月,4250万円,4970万円,2LDK+S,3LDK,68.17,72.97
67,ジオ多摩センター,多摩市鶴牧３,京王相模原線/京王多摩センター 徒歩12分,即入居可,4370万円,5610万円,3LDK,4LDK,76.85,95.36
68,クレヴィア御茶ノ水,文京区湯島２,東京メトロ丸ノ内線/御茶ノ水 徒歩7分,2018年3月,4440万円,9190万円,1LDK,1LDK,36.41,72.17
69,コディア八幡山,杉並区上高井戸１,京王線/八幡山 徒歩6分,即入居可,4498万円,6348万円,2LDK,2LDK,54.05,63.42
70,グランリビオ ザ・レジデンス,文京区湯島３,東京メトロ千代田線/湯島 徒歩4分,2018年4月,4590万円,6440万円,1LDK,2LDK,40.4,54.74
71,ルネ世田谷千歳台 AYUMIE,世田谷区千歳台６,京王線/千歳烏山 徒歩17分,即入居可,5098万円,5098万円,3LDK,3LDK,66.96,66.96
72,ルフォン入谷 ザ・レジデンス 上野の杜,台東区下谷３,東京メトロ日比谷線/入谷 徒歩5分,即入居可,5298万円,6648万円,2LDK,2LDK,57.59,74.17
73,ウエリス世田谷砧,世田谷区砧１,小田急線/祖師ヶ谷大蔵 徒歩15分,2018年4月、2018年2月,5300万円台,7200万円台,2LDK+S,4LDK,70.04,82.1
74,アトラス本郷三丁目,文京区本郷３,東京メトロ丸ノ内線/本郷三丁目 徒歩3分,2019年3月,5350万円,1億1980万円,1LDK,1LDK,44.65,79.38
75,グランスイート下赤塚,板橋区赤塚２,東武東上線/下赤塚 徒歩2分,2018年4月,5390万円,7880万円,2LDK+S,3LDK,67.58,87.23
76,ザ・パークハウス 杉並上井草,杉並区上井草３,ＪＲ中央線/荻窪 バス14分 停歩3分,即入居可,5698万円,8998万円,2LDK,4LDK,67.68,85.4
77,クレヴィア千鳥町,大田区千鳥３,東急池上線/千鳥町 徒歩5分,即入居可,5848万円,6858万円,3LDK,3LDK,66,75.33
78,ザ・パークハウス 渋谷笹塚,渋谷区幡ヶ谷３,京王線/笹塚 徒歩10分,2018年8月,5998万円,8498万円,2LDK,3LDK,54.86,73.62
79,プロスタイル日本橋馬喰町,中央区東日本橋３,都営新宿線/馬喰横山 徒歩1分,即入居可,5999万円,6489万円,1LDK+S,1LDK+S,60.92,68.1
80,インプレスト西馬込ヒルズ,大田区西馬込１,都営浅草線/西馬込 徒歩4分,即入居可,6390万円,6390万円,3LDK,3LDK,74.41,74.41
81,イニシアクラウド渋谷笹塚,渋谷区幡ヶ谷３,京王新線/幡ヶ谷 徒歩10分,即入居可,6498万円,6998万円,3LDK,3LDK,70.04,70.04
82,ザ・パークハウス 山吹神楽坂,新宿区山吹町,東京メトロ有楽町線/江戸川橋 徒歩4分,2018年1月,6750万円,1億430万円,2LDK,2LDK,60.3,84.6
83,グラン レ・ジェイド渋谷富ヶ谷,渋谷区富ヶ谷１,ＪＲ山手線/渋谷 徒歩20分,2018年3月,6960万円,1億5990万円,1LDK,3LDK,47.71,47.71
84,クラッシィハウス世田谷松陰神社前,世田谷区若林４,東急世田谷線/松陰神社前 徒歩3分,即入居可,7190万円,7190万円,2LDK+S,2LDK+S,75.51,75.51
85,THEパームス祐天寺マスタープレイス,世田谷区下馬１,東急東横線/祐天寺 徒歩11分,2018年3月,7250万円,9140万円,3LDK,4LDK,70.57,82.34
86,グローリオ文京東大前ヒルズ,文京区白山１,都営三田線/白山 徒歩5分,2018年3月,7520万円,1億1220万円,3LDK,3LDK,67.72,80.66
87,ルジェンテ浅草,台東区浅草６,東京メトロ銀座線/浅草 徒歩9分,2018年3月20日予定,3200万円台,3200万円台,1LDK,1LDK,31.15,31.15
88,パークリュクス虎ノ門　,港区西新橋３,東京メトロ銀座線/虎ノ門 徒歩10分,2019年3月,3788万円,9598万円,1R,2LDK,25.86,60.28
89,ルフォン築地 ザ・レジデンス,中央区築地6丁目,東京メトロ日比谷線/築地 徒歩5分,2018年3月,4760万円,8390万円,1LDK,3LDK,40.29,71.82
90,Brillia久が原,大田区久が原５,東急池上線/千鳥町 徒歩8分,2018年12月,4900万円台,7600万円台,2LDK,3LDK,54.54,82.13
91,プラウド府中美好町,府中市美好町１,京王線/府中 徒歩12分,2018年7月,4948万円,7048万円,3LDK,3LDK,67.19,80.01
92,Brillia 品川 Canal Side,品川区北品川１,ＪＲ山手線/品川 徒歩10分,2018年11月,5170万円,8090万円,1LDK,1LDK,42.35,70.79
93,クレヴィア東京八丁堀　新川ザ・レジデンス,中央区新川２,ＪＲ山手線/東京 徒歩16分,2019年3月,6140万円,8950万円,2LDK,2LDK,54.24,72.96
94,ブランズシティ久が原,大田区鵜の木１,東急池上線/久が原 徒歩4分,即入居可,6268万円,7378万円,3LDK,3LDK,70.65,73
95,ドレッセ用賀,世田谷区用賀３,東急田園都市線/用賀 徒歩8分,2018年3月,7890万円,7890万円,2LDK+S,2LDK+S,70.04,70.04
96,ローレルアイ目黒大橋,目黒区大橋２,東急田園都市線/池尻大橋 徒歩4分,即入居可,価格未定,価格未定,1R,2LDK,38.95,98.48
97,プラウド桜新町,世田谷区弦巻５,東急田園都市線/桜新町 徒歩10分,2018年2月、2018年1月,価格未定,価格未定,3LDK,4LDK,72.14,90.78
98,ソライエ成増,板橋区成増３,東武東上線/成増 徒歩11分,2018年3月,価格未定,価格未定,2LDK,4LDK,55.82,84.74
99,ミオカステーロ八王子II,八王子市八日町,ＪＲ中央線/八王子 徒歩13分,2018年10月,2248万円,4088万円,3LDK,3LDK,66.15,77.1
100,パークゲート メイツ 西新井,足立区西新井３,東武大師線/大師前 徒歩13分,即入居可,2498万円,3838万円,3LDK,3LDK,60.34,75.83
101,ブラントン蔵前,台東区蔵前２,都営浅草線/蔵前 徒歩1分,2018年8月,2800万円台,2800万円台,1K,1K,26.93,26.93
102,レーベン八王子GRANDSAGE,八王子市寺町,ＪＲ中央線/八王子 徒歩6分,2018年3月,2900万円台,4800万円台,3LDK,3LDK,60.91,74
103,THEパームス調布マノアーガーデン,調布市多摩川１,京王線/西調布 徒歩9分,2018年12月,3700万円台,5800万円台,2LDK+S,4LDK,64.52,83.94
104,ガーラ・レジデンス平井,江戸川区平井５,ＪＲ総武線/平井 徒歩4分,2018年9月,4330万円,5260万円,3LDK,3LDK,55.18,75.64
105,ジオ新宿若松町,新宿区若松町,都営大江戸線/若松河田 徒歩2分,2018年5月,4690万円,9830万円,1K,3LDK,35.47,75.75
106,クレストプライムタワー芝,港区芝１,ＪＲ山手線/浜松町 徒歩6分,即入居可,5498万円,1億4900万円,1LDK,3LDK,41.32,90.16
107,ジオ四谷,新宿区三栄町,東京メトロ丸ノ内線/四谷三丁目 徒歩6分,即入居可、2018年4月,5680万円,1億2480万円,1LDK,3LDK,46.51,78.74
108,ソライエ葛飾小菅,葛飾区小菅１,東武伊勢崎線/小菅 徒歩9分,2018年10月,2900万円台,4600万円台,2LDK,4LDK,58.06,79.05
109,クレヴィア住吉扇橋,江東区扇橋２,東京メトロ半蔵門線/住吉 徒歩7分,2019年3月,3100万円台,6700万円台,1LDK,3LDK,35.07,66.08
110,ジオ千代田大手町,千代田区内神田１,東京メトロ丸ノ内線/大手町 徒歩5分,2019年2月,4290万円,2億800万円,1DK,3LDK,36.04,112.61
111,プライムパークス品川シーサイド ザ・レジデンス,品川区東大井１,りんかい線/品川シーサイド 徒歩5分,2018年11月,5480万円,7210万円,2LDK,2LDK,57.61,84.62
112,ジオ深川住吉,江東区扇橋２,東京メトロ半蔵門線/住吉 徒歩5分,2018年4月,5740万円,7090万円,2LDK+S,3LDK,67.5,75.89
113,Brillia 東中野 Station Front,中野区東中野２,ＪＲ中央線/東中野 徒歩2分,2018年12月,5998万円,5998万円,2LDK,2LDK,54.24,54.24
114,パークコート乃木坂　ザ　タワー,港区南青山１,東京メトロ千代田線/乃木坂 徒歩2分,2019年4月,8000万円台,3億円台,1LDK,3LDK,37.49,100.65
115,ザ・パークハウス 五番町,千代田区五番町４,ＪＲ総武線/市ヶ谷 徒歩2分,2018年9月,1億1910万円,1億6480万円,2LDK,2LDK,63.85,79.29
116,シティインデックスときわ台,板橋区富士見町,東武東上線/中板橋 徒歩7分,即入居可,2398万円,3898万円,1LDK,1LDK,31.31,47.39
117,センチュリー新小岩,葛飾区東新小岩２,ＪＲ総武線/新小岩 徒歩15分,2018年3月,2700万円台,4700万円台,1LDK+S,4LDK,55.56,78.82
118,BrilliaTower 八王子,八王子市横山町,ＪＲ中央線/八王子 徒歩4分,2019年1月,2790万円,5220万円,1LDK,3LDK,40.31,80.82
119,グローベル ザ・高円寺プレミアム,杉並区高円寺南４,ＪＲ中央線/高円寺 徒歩5分,即入居可,2898万円,2898万円,1K,1K,25.11,25.11
120,ルネ八王子トレーシア,八王子市八日町,ＪＲ中央線/八王子 徒歩10分,2019年2月予定,2900万円台,4600万円台,3LDK,3LDK,68.11,80.34
121,ウィルローズ王子,北区王子２,ＪＲ京浜東北線/王子 徒歩7分,2018年7月,2990万円,5950万円,1LDK,3LDK,35.74,68.47
122,シティハウス八王子北野ステーションコート,八王子市打越町,京王線/北野 徒歩4分,2018年2月,3098万円,4098万円,2LDK,3LDK,55.09,70.03
123,リビオ多摩川,大田区矢口３,東急多摩川線/矢口渡 徒歩6分,2017年12月,3188万円,5878万円,1LDK,3LDK,33.75,72.49
124,サンクレイドル上野II,台東区東上野５,ＪＲ山手線/上野 徒歩5分,2018年3月,3228万円,5888万円,1DK,2LDK,32.95,53.44
125,リストレジデンス王子,北区豊島１,東京メトロ南北線/王子 徒歩5分,即入居可,3390万円,4380万円,1LDK,2LDK,39.36,47.18
126,シティテラスひばりが丘,西東京市ひばりが丘３,西武池袋線/ひばりヶ丘 徒歩18分,即入居可,3398万円,3998万円,3LDK,3LDK,67.61,70.15
127,アデニウム ザ・オアシスガーデン,葛飾区新宿３,京成本線/京成高砂 徒歩15分,即入居可,3398万円,4088万円,3LDK,3LDK,64.09,75.14
128,イニシア西新井,足立区島根４,東武伊勢崎線/西新井 徒歩9分,2018年3月,3400万円台,4900万円台,2LDK+S,2LDK+S,71.42,86.17
129,ミオカステーロ東日暮里,荒川区東日暮里２,東京メトロ日比谷線/三ノ輪 徒歩9分,2017年11月中旬,3400万円台,3400万円台,1LDK+S,1LDK+S,55.02,55.02
130,プレサンス ロジェ 熊野前,荒川区東尾久６,東京メトロ千代田線/町屋 徒歩15分,2018年1月,3400万円台,4700万円台,2LDK+S,2LDK+S,68.64,68.64
131,シティハウス東麻布,港区東麻布１,都営大江戸線/赤羽橋 徒歩4分,即入居可,3490万円,7990万円,1K,2LDK,25.38,55.27
132,リビオ中野坂上パークフロント,中野区中央２,東京メトロ丸ノ内線/中野坂上 徒歩8分,即入居可,3498万円,3498万円,1LDK,1LDK,36.37,36.37
133,ソルフィエスタ亀戸ルシーア,墨田区立花３,ＪＲ総武線/亀戸 徒歩13分,2018年6月,3499万円,4299万円,2LDK+S,3LDK,60.25,61.47
134,アーデル曳舟マークイースト,墨田区八広３,京成押上線/京成曳舟 徒歩11分,即入居可,3580万円,3770万円,2LDK+S,3LDK,65.01,66.63
135,サンクレイドル平井,江戸川区平井６,ＪＲ総武線/平井 徒歩4分,2018年10月,3590万円,5700万円,2LDK,2LDK,55.6,72
136,ベルフール篠崎アラーナ,江戸川区篠崎町２,都営新宿線/篠崎 徒歩6分,2018年3月,3600万円台,5300万円台,3LDK,3LDK,60.19,74.34
137,ザ府中ハウス,府中市八幡町２,京王線/府中 徒歩7分,2017年11月末予定,3690万円,3690万円,2LDK+S,2LDK+S,65.88,65.88
138,シティハウス目黒ザ・ツイン,目黒区下目黒２,ＪＲ山手線/目黒 徒歩9分,2018年4月,3698万円,7598万円,1R,2LDK,25.73,58.1
139,フェアシス八王子新町,八王子市新町,京王線/京王八王子 徒歩5分,即入居可,3698万円,3698万円,3LDK,3LDK,75.64,75.64
140,ベルジュール東府中IIIステーションサイド,府中市清水が丘１,京王線/東府中 徒歩2分,2017年12月,3798万円,4968万円,3LDK,4LDK,62.37,71.61
141,グローベル ザ・国分寺クリスタ,国分寺市本町３,ＪＲ中央線/国分寺 徒歩5分,即入居可,3798万円,4628万円,1LDK,1LDK,35.47,35.47
142,シティテラス府中緑町,府中市緑町３,京王線/東府中 徒歩4分,2018年4月,3798万円,5498万円,2LDK+S,4LDK,70.2,78.36
143,リビオ文京茗荷谷,文京区千石２,都営三田線/千石 徒歩10分,即入居可,3890万円,7710万円,1LDK,1LDK,39.47,39.47
144,イニシア日野,日野市新町１,ＪＲ中央線/日野 徒歩2分,2018年3月,3900万円台,4800万円台,2LDK+S,2LDK+S,72.05,75.46
145,アーデル立石ワンズプレイス,葛飾区立石３,京成押上線/京成立石 徒歩6分,2017年12月,3950万円,3950万円,2LDK+S,2LDK+S,64.58,64.58
146,オープンレジデンシア桜新町テラス,世田谷区弦巻４,東急田園都市線/桜新町 徒歩7分,2018年7月,3978万円,7148万円,1LDK,3LDK,36.84,62.37
147,品川イーストシティタワー,品川区東品川５,東京モノレール/天王洲アイル 徒歩5分,2019年4月,3980万円,7980万円,1LDK,3LDK,41.65,70.18
148,プレシス葛西ルジュール,江戸川区中葛西５,東京メトロ東西線/葛西 徒歩7分,2017年12月,3990万円,5640万円,2LDK+S,2LDK+S,64.64,74.34
149,グローベルタワー梅島,足立区梅島３,東武伊勢崎線/梅島 徒歩2分,即入居可,3998万円,4968万円,3LDK,3LDK,58.17,58.17
150,サンクレイドル目黒林試の森,目黒区下目黒５,東急目黒線/武蔵小山 徒歩10分,即入居可,3999万円,5998万円,1LDK,2LDK,40.48,53.12
151,プレミアムレジデンス日暮里雅苑,荒川区東日暮里６,ＪＲ山手線/日暮里 徒歩5分,2018年5月,4188万円,5708万円,1LDK,1LDK,40.02,55.01
152,オープンレジデンシア中野坂上テラス,中野区東中野１,東京メトロ丸ノ内線/中野坂上 徒歩7分,2018年9月末予定,4298万円,6188万円,1LDK,3LDK,37.15,60.8
153,ヴィークコート豊田,日野市東豊田３,ＪＲ中央線/豊田 徒歩6分,即入居可,4300万円台,5300万円台,3LDK,4LDK,71,80.81
154,プレシス東陽町,江東区千石３,東京メトロ東西線/東陽町 徒歩12分,2017年11月下旬,4390万円,5160万円,2LDK,3LDK,47.93,65.42
155,リーフィアレジデンス狛江 和泉本町,狛江市和泉本町１,小田急線/狛江 徒歩9分,即入居可,4398万円,5498万円,2LDK,3LDK,62.1,75.4
156,オープンレジデンシア中野 平和の森公園,中野区野方２,ＪＲ中央線/中野 徒歩17分,2018年8月,4400万円台,5300万円台,2LDK,3LDK,57.84,71.19
157,グローリオ コンフォート文京本駒込,文京区本駒込５,ＪＲ山手線/駒込 徒歩6分,2018年4月,4420万円,6310万円,1LDK,1LDK,36.29,53.29
158,グローリオ武蔵関,練馬区関町北２,西武新宿線/武蔵関 徒歩5分,即入居可,4480万円,4480万円,3LDK,3LDK,67.13,67.13
159,リビオ人形町 日本橋浜町グリーンテラス,中央区日本橋浜町２,東京メトロ半蔵門線/水天宮前 徒歩5分,即入居可,4480万円,4480万円,1LDK,1LDK,46.37,46.37
160,ヴィークコート吉祥寺通り,練馬区立野町,ＪＲ中央線/吉祥寺 バス6分 停歩1分,2018年3月,4548万円,5998万円,2LDK,4LDK,56.54,80.27
161,アビダス西国分寺,国分寺市西恋ヶ窪４,ＪＲ中央線/西国分寺 徒歩9分,即入居可,4598万円,4598万円,3LDK,3LDK,70.04,70.04
162,シティタワー金町,葛飾区新宿６,ＪＲ常磐線/金町 徒歩12分,即入居可,4598万円,6990万円,3LDK,4LDK,63.04,84.41
163,プライムスタイル東日本橋,中央区東日本橋３,都営浅草線/東日本橋 徒歩1分,2018年3月,4688万円,1億488万円,1LDK,3LDK,40.81,80.15
164,ヴァースクレイシア銀座東,中央区新富２,東京メトロ有楽町線/新富町 徒歩2分,即入居可,4690万円,4900万円,1LDK,1LDK,45.36,45.36
165,ウエリス千代田東神田,千代田区東神田２,ＪＲ総武線快速/馬喰町 徒歩4分,2018年9月,4770万円,8480万円,1LDK,1LDK,42.47,71.77
166,シティテラス東陽町,江東区東陽２,東京メトロ東西線/東陽町 徒歩5分,即入居可,4790万円,7998万円,2LDK,4LDK,54.88,83.59
167,ガーデンコート多摩センター,多摩市落合１,小田急多摩線/小田急多摩センター 徒歩6分,即入居可,4958万円,6988万円,3LDK,4LDK,67.45,85.87
168,アネシア東京尾久,北区昭和町２,ＪＲ高崎線/尾久 徒歩2分,2018年10月,4980万円,6170万円,3LDK,3LDK,65.79,69.34
169,ルフォン浅草橋,台東区浅草橋３,都営浅草線/浅草橋 徒歩5分,2018年3月,4990万円,4990万円,2LDK,2LDK,58.32,58.32
170,パークホームズ品川大井,品川区大井７,ＪＲ京浜東北線/大森 徒歩11分,即入居可,5200万円,9488万円,2LDK,4LDK,59,88.31
171,ガーラ・レジデンス南馬込,大田区南馬込１,都営浅草線/馬込 徒歩7分,2018年2月,5200万円,5200万円,2LDK,2LDK,55.18,55.18
172,パークホームズ落合南長崎,豊島区南長崎２,都営大江戸線/落合南長崎 徒歩9分,2017年12月8日予定,5290万円,5690万円,3LDK,3LDK,67.93,74.69
173,シティテラス大森西,大田区大森西４,ＪＲ京浜東北線/蒲田 徒歩15分,即入居可,5298万円,5998万円,3LDK,3LDK,64.61,67.83
174,サンクレイドル学芸大学　,世田谷区野沢３,東急東横線/学芸大学 徒歩13分,即入居可,5298万円,8298万円,1LDK+S,3LDK,53.71,70.21
175,ザ・パークハウス 亀戸,江東区亀戸７,ＪＲ総武線/亀戸 徒歩9分,2018年1月,5398万円,5548万円,3LDK,3LDK,72.06,72.06
176,サンクレイドル御苑内藤町,新宿区内藤町,東京メトロ丸ノ内線/新宿御苑前 徒歩6分,2018年4月,5480万円,7940万円,1LDK,1LDK,44.08,44.08
177,ヴィークステージ練馬豊玉,練馬区豊玉中４,西武池袋線/練馬 徒歩11分,即入居可,5490万円,5490万円,3LDK,3LDK,71.28,71.28
178,レ・ジェイド 駒込,北区西ケ原１,ＪＲ山手線/駒込 徒歩6分,即入居可,5598万円,5598万円,2LDK,2LDK,60.11,60.11
179,オープンレジデンシア表参道神宮前ザ・ハウス,渋谷区神宮前３,東京メトロ銀座線/表参道 徒歩5分,2018年9月,5630万円,1億7880万円,1R,3LDK※1R=Studio,30.25,80.17
180,ブランズ国立,国立市東２,ＪＲ中央線/国立 徒歩7分,2017年11月下旬,5698万円,1億888万円,2LDK,4LDK,65.12,91.07
181,シティタワー品川パークフロント,品川区南大井２,京急本線/大森海岸 徒歩5分,2019年4月,5850万円,6620万円,3LDK,3LDK,65.05,70.37
182,ランドステージ文京千石,文京区千石２,都営三田線/千石 徒歩7分,即入居可,5880万円,5880万円,2LDK+S,2LDK+S,60.86,60.86
183,DEUX TOURS,中央区晴海３,都営大江戸線/勝どき 徒歩9分,即入居可,5980万円,1億2980万円,2LDK,3LDK,55.77,100.01
184,デュフレ渋谷本町,渋谷区本町６,京王新線/幡ヶ谷 徒歩10分,2018年3月末予定,5990万円,6480万円,2LDK+S,2LDK+S,67.75,67.75
185,プロスタイル学芸大学,目黒区碑文谷４,東急東横線/学芸大学 徒歩11分,2017年12月、即入居可,5998万円,5998万円,2LDK,2LDK,55.57,55.57
186,シティタワー調布南ステーションコート,調布市布田４,京王線/調布 徒歩4分,2018年4月,5998万円,6698万円,3LDK,3LDK,67.54,67.54
187,ザ・パークハウス 日本橋大伝馬町,中央区日本橋大伝馬町,東京メトロ日比谷線/小伝馬町 徒歩4分,2018年9月,6038万円,1億248万円,1LDK,3LDK,54.37,70.78
188,シティタワー目黒,品川区西五反田３,東急目黒線/不動前 徒歩4分,即入居可,6180万円,1億2980万円,1LDK,3LDK,40.38,72.15
189,シティハウス吉祥寺北町,武蔵野市吉祥寺北町４,ＪＲ中央線/吉祥寺 バス9分 停歩2分,2018年4月,6190万円,9590万円,2LDK+S ,2LDK+S ,67.68,80.09
190,シティテラス品川イースト,品川区東品川５,東京モノレール/天王洲アイル 徒歩3分,即入居可,6380万円,6880万円,3LDK,3LDK,67.02,67.02
191,リーフィアレジデンス 世田谷砧,世田谷区砧４,小田急線/祖師ヶ谷大蔵 徒歩11分,即入居可,6408万円,7608万円,3LDK,3LDK,70.98,78.9
192,サンウッド代々木西参道,渋谷区代々木３,都営大江戸線/新宿 徒歩9分,即入居可,6478万円,8638万円,1LDK,3LDK,53.98,68.28
193,シティハウス用賀砧公園,世田谷区瀬田５,東急田園都市線/用賀 徒歩14分,即入居可,6490万円,6490万円,3LDK,3LDK,75.32,75.32
194,シティテラス杉並方南町,杉並区方南２,東京メトロ丸ノ内線/方南町 徒歩1分,2018年4月,6498万円,8698万円,1LDK+2S,3LDK,65.46,70.45
195,シティハウス笹塚レジデンス,中野区南台２,京王線/笹塚 徒歩12分,即入居可,6498万円,8298万円,3LDK,3LDK,67.18,75.16
196,イニシア池上,大田区池上４,東急池上線/池上 徒歩7分,2018年4月,6500万円台,8700万円台,2LDK,3LDK,81,83
197,シティテラス荻窪,杉並区荻窪３,ＪＲ中央線/荻窪 徒歩13分,即入居可,6598万円,7098万円,3LDK,3LDK,67.8,70.06
198,ザ・パークハウス 練馬美術の森,練馬区貫井１,西武池袋線/中村橋 徒歩2分,即入居可,6788万円,6788万円,3LDK,3LDK,72.29,72.29
199,シティハウス四谷坂町,新宿区四谷坂町,都営新宿線/曙橋 徒歩5分,2019年4月,6990万円,9490万円,1LDK+S ,1LDK+S ,55.07,76.05
200,グラン レ・ジェイド若松町レジデンス,新宿区若松町,都営大江戸線/若松河田 徒歩3分,即入居可,7468万円,1億2978万円,2LDK,2LDK,57.33,83.43
201,シティハウス広尾南,渋谷区恵比寿３,東京メトロ日比谷線/広尾 徒歩10分,即入居可,7480万円,1億880万円,1LDK+S,3LDK,54.79,78.24
202,シティハウス月島駅前レジデンスコート,中央区月島２,東京メトロ有楽町線/月島 徒歩1分,即入居可,7480万円,7480万円,3LDK,3LDK,66.12,66.12
203,シティハウス中目黒レジデンス,目黒区中目黒４,東急東横線/中目黒 徒歩12分,2017年12月,7980万円,8980万円,2LDK,3LDK,55.51,71.34
204,ザ・パークハウス 東日本橋,中央区東日本橋２,都営浅草線/東日本橋 徒歩4分,2018年2月,8190万円,9210万円,2LDK,2LDK,70.42,75.78
205,パークホームズ二子玉川 彩翠邸,世田谷区瀬田４,東急田園都市線/二子玉川 徒歩14分,即入居可,8290万円,8290万円,3LDK,3LDK,77.73,77.73
206,プレミスト日本橋浜町公園,中央区日本橋浜町２,都営新宿線/浜町 徒歩2分,2017年11月下旬,8670万円,1億2480万円,2LDK,2LDK,70.09,83.17
207,THE GRAND MILLENNIA TOWER&SUITE,豊島区南池袋１,ＪＲ山手線/池袋 徒歩6分,2017年12月,9980万円,9980万円,2LDK,2LDK,56.13,56.13
208,シティタワー・ルフォン九段の杜,千代田区九段北４,都営新宿線/市ヶ谷 徒歩5分,2019年3月,9990万円,1億7790万円,2LDK,2LDK,70.04,82.21
209,スカイフォレストレジデンス,新宿区大久保３,ＪＲ山手線/高田馬場 徒歩6分,即入居可,1億380万円,1億6980万円,2LDK,2LDK,68.15,73.45
210,Brillia 一之江,江戸川区一之江,都営新宿線/一之江 徒歩2分,2018年8月,3768万円,4988万円,1LDK,2LDK+S,41.35,72.24
211,Brillia新川一丁目,中央区新川１,東京メトロ東西線/茅場町 徒歩9分,2019年2月,5200万円台,6500万円台,2LDK,2LDK,55.21,57.01
212,ヴィークコート立川,立川市錦町１,ＪＲ中央線/立川 徒歩9分,2018年9月,5288万円,6998万円,3LDK,3LDK,70.26,70.26
213,プレミスト府中,府中市府中町２,京王線/府中 徒歩3分,2018年3月、2018年3月,5490万円,5490万円,3LDK,3LDK,70.1,70.1
214,ザ・サンメゾン西大井金子山エルド,品川区西大井４,ＪＲ京浜東北線/大森 徒歩14分,即入居可,5640万円,8880万円,1LDK+S,3LDK,61.08,85.72
215,ブランズ南荻窪,杉並区南荻窪３,ＪＲ中央線/荻窪 徒歩11分,2018年3月,5750万円,1億2950万円,1LDK+2S,4LDK,59.66,99.15
216,リムテラスアルファ学芸大学,世田谷区下馬６,東急東横線/学芸大学 徒歩11分,即入居可,6590万円,6590万円,2LDK+S,2LDK+S,86.05,86.05
217,THE CONOE＜一番町＞,千代田区一番町,東京メトロ半蔵門線/半蔵門 徒歩2分,即入居可,9800万円,1億3400万円,1LDK+S,1LDK+S,56.54,78.32
218,パークコート浜離宮ザ　タワー,港区浜松町１,ＪＲ山手線/浜松町 徒歩5分,2019年9月,1億2530万円,3億4000万円,2LDK,2LDK,68.12,119.16
219,シティハウス四谷津の守坂,新宿区三栄町,東京メトロ丸ノ内線/四谷三丁目 徒歩5分,2018年4月,価格未定,価格未定,1LDK,2LDK,40.06,54.19
220,クラッシィハウス神田錦町,千代田区神田錦町２,東京メトロ千代田線/大手町 徒歩6分,2018年5月,価格未定,価格未定,1LDK,1LDK,39.65,58.31
221,ガーデンヒルズ四ツ谷 迎賓の森,新宿区南元町,ＪＲ総武線/四ツ谷 徒歩10分,2017年11月下旬,価格未定,価格未定,2LDK,3LDK,56.55,127.46
222,グローリオ レジデンス町田中町,町田市中町３,小田急線/町田 徒歩11分,2018年7月,価格未定,価格未定,2LDK+S,4LDK,70.18,85.25
223,レーベン多摩センターBeaut,八王子市松が谷,京王相模原線/京王多摩センター 徒歩15分,2018年3月末予定,2400万円台,5300万円台,2LDK,4LDK,60.73,112.44
224,フェルクルールプレスト豊田,日野市豊田２,ＪＲ中央線/豊田 徒歩6分,2018年1月、2017年12月,2900万円台,3600万円台,2LDK,2LDK,55.44,56.65
225,ライオンズ早稲田ミレス,新宿区西早稲田１,東京メトロ東西線/早稲田 徒歩7分,2018年2月23日予定,2900万円台,7300万円台,1K,2LDK,25,55.01
226,ブランシエラ東京三ノ輪,荒川区南千住１,東京メトロ日比谷線/三ノ輪 徒歩4分,2018年3月,2928万円,5498万円,1DK,3LDK,30.42,68.07
227,Raffine Vierte,江戸川区東小岩６,ＪＲ総武線/小岩 徒歩5分,即入居可,2990万円,5850万円,1LDK,2LDK+S,45.72,77.43
228,サンクレイドル西東京,西東京市芝久保町２,西武新宿線/田無 徒歩13分,2018年8月,2998万円,5398万円,2LDK,4LDK,59.09,77.74
229,ザ・グローベル南大塚,豊島区南大塚３,ＪＲ山手線/大塚 徒歩4分,2018年3月,2998万円,6878万円,1K,3LDK,26.53,60.28
230,ベルジュール昭和記念公園,昭島市東町２,ＪＲ青梅線/西立川 徒歩4分,2018年4月,3190万円,4020万円,2LDK,2LDK,54.18,61.62
231,ヴェレーナ綾瀬,足立区綾瀬７,東京メトロ千代田線/北綾瀬 徒歩7分,2018年3月,3200万円台,3200万円台,3LDK,3LDK,69.03,69.03
232,シティタワーズ東京ベイ,江東区有明２,りんかい線/国際展示場 徒歩4分,2020年4月,3490万円,8690万円,1LDK,3LDK,43.1,80.74
233,エクセレントシティ目白,新宿区下落合２,ＪＲ山手線/目白 徒歩7分,2017年12月,3498万円,5168万円,1LDK,1LDK+S,30.25,40.89
234,デュオヴェール目黒学芸大学,目黒区目黒本町１,東急東横線/学芸大学 徒歩12分,2018年2月,3598万円,4298万円,1LDK,1LDK,31.04,34.06
235,オープンレジデンシア新中野,中野区本町６,東京メトロ丸ノ内線/新中野 徒歩6分,2018年9月末予定,3600万円台,5900万円台,1LDK,3LDK,32.58,63.89
236,シティインデックス神田,千代田区岩本町２,ＪＲ山手線/神田 徒歩6分,即入居可,3690万円,7110万円,1LDK,2LDK,32.09,56.17
237,シティテラス小金井公園,小平市花小金井南町１,ＪＲ中央線/武蔵小金井 バス6分 停歩4分,2018年6月,3698万円,5598万円,3LDK,4LDK,70.79,87.74
238,レーベン浅草AYAGINU,台東区西浅草３,つくばエクスプレス/浅草 徒歩3分,2019年2月末予定,3700万円台,6200万円台,1LDK,2LDK,37.85,61.09
239,ミオカステーロ府中町,府中市府中町３,京王線/府中 徒歩8分,即入居可,3780万円,3780万円,2LDK+S,2LDK+S,64.83,64.83
240,セイガステージ大泉学園,練馬区東大泉２,西武池袋線/大泉学園 徒歩12分,即入居可,3798万円,3798万円,3LDK,3LDK,60.38,60.38
241,サンクレイドル北赤羽,北区浮間３,ＪＲ埼京線/北赤羽 徒歩5分,2018年9月,3798万円,5598万円,2LDK+S,2LDK+S,63.72,70.87
242,プレシス田端,荒川区西尾久４,ＪＲ山手線/田端 徒歩13分,2018年12月,3890万円,5670万円,2LDK,3LDK,56.7,72.64
243,ガーラ・レジデンス亀戸セントラルパーク,江東区亀戸７,ＪＲ総武線/亀戸 徒歩14分,2019年2月,3900万円台,6100万円台,3LDK,3LDK,55.25,75.71
244,グラン レ・ジェイド御茶ノ水,文京区湯島２,ＪＲ中央線/御茶ノ水 徒歩7分,2018年9月,3900万円台,1億4900万円台,1LDK,3LDK,35.81,107.03
245,ミオカステーロ成増II,板橋区成増４,東武東上線/成増 徒歩11分,2018年1月,3998万円,5198万円,2LDK+S,2LDK+S,63.6,74.26
246,ガーデングラス御茶ノ水,文京区湯島２,ＪＲ中央線/御茶ノ水 徒歩7分,即入居可,4288万円,5238万円,1LDK,1LDK,35.09,45.21
247,プレシス文京江戸川橋,文京区水道２,東京メトロ有楽町線/江戸川橋 徒歩2分,2018年2月,4388万円,6358万円,1LDK,1LDK,40.4,53.04
248,ブラントン神楽坂,新宿区東五軒町,東京メトロ東西線/神楽坂 徒歩5分,2018年3月,4398万円,8998万円,1LDK,3LDK,34.05,70.05
249,シティタワー八王子フレシア,八王子市旭町,ＪＲ中央線/八王子 徒歩2分,2018年12月,4498万円,8598万円,2LDK,3LDK,54.23,80
250,リストレジデンス上野黒門町,台東区上野１,東京メトロ千代田線/湯島 徒歩2分,即入居可,4798万円,7428万円,1LDK,1LDK,38.95,38.95
251,ウィルローズ田端,北区田端新町２,ＪＲ山手線/田端 徒歩8分,即入居可,4970万円,5570万円,1LDK+S,3LDK,60.61,60.61
252,勝どきビュータワー,中央区勝どき１,都営大江戸線/勝どき 徒歩1分,即入居可,5498万円,1億3900万円,1LDK,3LDK,48.98,79.06
253,リムテラス文京白山,文京区白山５,都営三田線/白山 徒歩1分,2018年3月,5580万円,7380万円,1LDK+S,3LDK,66.26,83.21
254,センチュリー荻窪,杉並区荻窪２,ＪＲ中央線/荻窪 徒歩10分,2017年11月下旬,5640万円,6650万円,2LDK,3LDK,54.95,65.4
255,シティタワー国分寺 ザ・ツイン　ウエスト／イースト,国分寺市本町３,ＪＲ中央線/国分寺 徒歩1分,2018年6月末予定,6498万円,8198万円,2LDK,3LDK,55.99,71.12
256,プラウドシティ阿佐ヶ谷,杉並区成田東４,東京メトロ丸ノ内線/南阿佐ヶ谷 徒歩7分,即入居可,7688万円,1億588万円,3LDK,3LDK,73.53,110.4
257,サンウッド赤坂丹後町,港区赤坂４,東京メトロ銀座線/赤坂見附 徒歩6分,即入居可,8618万円,9708万円,2LDK,2LDK,56.84,56.84
258,ライオンズ東京三ノ輪ミレス,台東区日本堤２,東京メトロ日比谷線/三ノ輪 徒歩6分,2019年2月27日予定,2400万円台,4900万円台,1K,2LDK,25.02,50.1
259,デュオヴェール浅草WEST,台東区松が谷１,東京メトロ銀座線/田原町 徒歩5分,2018年1月,3298万円,3898万円,1LDK,1LDK,33.01,40.04
260,パークホームズ千代田淡路町　,千代田区神田須田町１,東京メトロ丸ノ内線/淡路町 徒歩3分,2019年2月,3400万円台,1億4900万円台,1K,3LDK,25.24,88.43
261,オーベル稲城南山,稲城市百村,京王相模原線/稲城 徒歩8分,2018年3月,3400万円台,4800万円台,3LDK,3LDK,67.9,84.69
262,グレイシャス糀谷,大田区萩中２,京急空港線/糀谷 徒歩4分,2018年2月,3600万円台,7200万円台,2LDK,4LDK,48.5,95.83
263,プレミストひばりが丘,西東京市ひばりが丘３,西武池袋線/ひばりヶ丘 徒歩18分,2018年3月,3689万円,4579万円,3LDK,3LDK,63.02,76.5
264,サンクレイドルひばりが丘,西東京市谷戸町２,西武池袋線/ひばりヶ丘 徒歩12分,2017年12月,3690万円,5390万円,3LDK,3LDK,68.59,80.09
265,センチュリーひばりが丘 コンフォートアリーナ,西東京市ひばりが丘北３,西武池袋線/ひばりヶ丘 徒歩4分,2019年3月,3990万円,5470万円,3LDK,3LDK,65.2,72.21
266,リビオ氷川台,練馬区羽沢３,東京メトロ有楽町線/氷川台 徒歩9分,2018年10月,4200万円台,7000万円台,2LDK,3LDK,54.16,80.22
267,リムテラスコート経堂,世田谷区船橋５,小田急線/経堂 徒歩13分,即入居可,4780万円,4780万円,2LDK+S,2LDK+S,85.8,85.8
268,ティサージュ荻窪,杉並区上荻２,ＪＲ中央線/荻窪 徒歩12分,2018年3月予定,4900万円台,7900万円台,2LDK,3LDK,56.12,68.97
269,パークホームズ北千住 アドーア,足立区千住３,東京メトロ日比谷線/北千住 徒歩5分,2019年3月末予定,4900万円台,6300万円台,1LDK,2LDK,47.15,65.51
270,ディアナコート文京本郷台,文京区湯島３,東京メトロ千代田線/湯島 徒歩2分,即入居可,5380万円,1億1600万円,1LDK,3LDK,43.11,81.36
271,ブランズ二子玉川テラス,世田谷区玉川２,東急田園都市線/二子玉川 徒歩6分,2019年3月,5590万円,2億2680万円,2LDK,4LDK,54.55,127.2
272,Brillia 品川戸越 Parks,品川区戸越４,東急大井町線/戸越公園 徒歩4分,2018年12月,5890万円,7990万円,2LDK,2LDK,57.01,72.62
273,リムテラス駒込,豊島区駒込３,ＪＲ山手線/駒込 徒歩3分,2018年3月末予定,5980万円,6880万円,2LDK+S,2LDK+S,80.12,84.05
274,プラウド府中セントラル,府中市府中町２,京王線/府中 徒歩3分,2018年3月,6198万円,6998万円,3LDK,3LDK,73.88,80.88
275,アトラス西麻布,港区西麻布４,東京メトロ日比谷線/広尾 徒歩7分,即入居可,6490万円,1億4990万円,1LDK,3LDK,42.66,82.26
276,プラウドシティ武蔵野三鷹,武蔵野市中町３,ＪＲ中央線/三鷹 徒歩10分,2018年3月,6558万円,8298万円,3LDK,3LDK,73.27,78.07
277,GREEN PARK東日本橋一丁目,中央区東日本橋１,ＪＲ山手線/東京 徒歩28分,2018年6月予定,6620万円,8020万円,3LDK,3LDK,68.23,75.08
278,パークホームズ山王二丁目 ザ レジデンス,大田区山王２,ＪＲ京浜東北線/大森 徒歩3分,2018年4月,6700万円台,1億8000万円台,2LDK,4LDK,59.02,110.39
279,ザ・パークハウス 麻布外苑西通り,港区西麻布２,東京メトロ銀座線/表参道 徒歩11分,2018年4月,7490万円,2億3000万円,1LDK,3LDK,50.03,119.57
280,パークコート代々木初台　,渋谷区初台２,京王新線/初台 徒歩8分,2017年12月,7500万円,7500万円,2LDK,2LDK,64.14,64.14
281,グランデバンセ 御殿山 ザ・レジデンス,品川区北品川５,ＪＲ山手線/大崎 徒歩5分,2018年4月末予定,7950万円,2億1500万円,1LDK,4LDK,54.52,117.76
282,プラウド府中ステーションアリーナ,府中市宮町１,京王線/府中 徒歩1分,即入居可,8340万円,8340万円,3LDK+N+WIC,3LDK+N+WIC,78.41,78.41
283,プラウド上鷺宮,中野区上鷺宮１,西武新宿線/鷺ノ宮 徒歩6分,2018年2月,8740万円,8740万円,4LDK,4LDK,86.47,86.47
284,THE 千代田麹町 TOWER,千代田区麹町３,東京メトロ有楽町線/麹町 徒歩1分,2019年2月,9250万円,5億2700万円,2LDK,2LDK,53.37,155.1
285,アネシア築地 ステーションレジデンス,中央区築地３,東京メトロ日比谷線/築地 徒歩1分,2019年3月,9910万円,1億5540万円,2LDK,2LDK,66.41,83.5
286,ザ・パークハウス 本郷,文京区本郷１,東京メトロ丸ノ内線/本郷三丁目 徒歩7分,2019年1月,1億3480万円,1億3480万円,3LDK,3LDK,86.68,86.68
287,ブランズ永田町,千代田区永田町２,東京メトロ半蔵門線/永田町 徒歩3分,2019年3月,1億5000万円,6億1000万円,2LDK,3LDK,81.53,178.34
288,ブランズ渋谷常盤松,渋谷区東４,ＪＲ山手線/渋谷 徒歩14分,即入居可,1億7290万円,1億7290万円,2LDK,2LDK,91.76,91.76
289,パークコート一番町　,千代田区一番町,東京メトロ半蔵門線/半蔵門 徒歩3分,2019年1月,1億7400万円,1億7400万円,3LDK,3LDK,95.34,95.34
290,グランドヒルズ元麻布,港区元麻布３,東京メトロ南北線/麻布十番 徒歩4分,2018年4月,1億7500万円,1億7500万円,1LDK,1LDK,76.94,76.94
291,プラウド六本木,港区六本木４,都営大江戸線/六本木 徒歩4分,2017年12月,3億3600万円,3億3600万円,3LDK,3LDK,158.24,158.24
292,ロイヤルシーズン二子玉川,世田谷区野毛３,東急田園都市線/二子玉川 徒歩15分,2018年10月,価格未定,価格未定,1LDK,3LDK,55.24,73.48
293,インプレスト駒込染井,豊島区駒込６,ＪＲ山手線/巣鴨 徒歩8分,2018年3月,価格未定,価格未定,1LDK,3LDK,45.58,80.27
294,パークコート青山　ザ　タワー,港区南青山２,東京メトロ銀座線/青山一丁目 徒歩3分,2018年4月,価格未定,価格未定,1LDK,3LDK,70.07,182.21
295,ライオンズ竹ノ塚ブロッサムシティ,足立区西保木間２,東武伊勢崎線/竹ノ塚 徒歩17分,即入居可,2670万円,4580万円,3LDK,3LDK,65.22,80.64
296,エクセレントシティ府中駅前,府中市寿町１,京王線/府中 徒歩2分,2017年12月,2798万円,3778万円,1DK,1DK,33.09,36.87
297,プレシス池上アベニュー,大田区池上４,東急池上線/池上 徒歩8分,2018年8月,2990万円,5740万円,1LDK,3LDK,37.09,68.51
298,プレシス葛西ルヴェール,江戸川区東葛西７,東京メトロ東西線/葛西 徒歩7分,即入居可,2990万円,5290万円,1LDK+S,3LDK,44.63,68.44
299,クリオ ラベルヴィ赤羽東,北区志茂３,東京メトロ南北線/志茂 徒歩1分,2019年3月,3292万5000円,4584万1000円,1LDK,1LDK,32.52,54.26
300,プレシス多摩永山レヴィエ,多摩市諏訪４,京王相模原線/京王永山 徒歩12分,即入居可,3490万円,4230万円,3LDK,4LDK,72.76,80.34
301,エクセレントシティ田端,荒川区東尾久５,ＪＲ山手線/田端 徒歩16分,2018年7月,3500万円台,4700万円台,2LDK,3LDK,55.2,67.3
302,ウエリス国立,国立市西２,ＪＲ南武線/矢川 徒歩10分,即入居可,3800万円,5990万円,3LDK,3LDK,81.12,95.54
303,プレシス府中,府中市八幡町１,京王線/府中 徒歩7分,即入居可,3980万円,5140万円,2LDK,2LDK,61.11,61.11
304,リビオ荻窪レジデンス,杉並区南荻窪１,ＪＲ中央線/荻窪 徒歩15分,2018年7月,4500万円台,5900万円台,2LDK+S,2LDK+S,62.32,77.2
305,プレシス調布ヶ丘,調布市調布ケ丘３,京王線/調布 徒歩13分,即入居可,4730万円,5690万円,2LDK+S,2LDK+S,64.68,70.31
306,ウエリス町田中町,町田市中町１,小田急線/町田 徒歩8分,2018年2月,4748万円,5898万円,3LDK,3LDK,66.27,72.11
307,プレシス芦花公園,杉並区上高井戸１,京王線/芦花公園 徒歩8分,即入居可,5170万円,6050万円,3LDK,3LDK,63.58,83.2
308,プレシス武蔵境,武蔵野市境南町１,ＪＲ中央線/武蔵境 徒歩14分,即入居可,5480万円,8790万円,3LDK,3LDK,67.84,104.96
309,クレストフォルム大井町サウステラス,品川区南大井５,ＪＲ京浜東北線/大井町 徒歩14分,即入居可,5498万円,5498万円,1LDK+S,1LDK+S,58.51,58.51
310,クレストタワー品川シーサイド,品川区東大井１,りんかい線/品川シーサイド 徒歩3分,即入居可,5598万円,8998万円,2LDK,3LDK,60.27,85.19
311,アウルタワー,豊島区東池袋４,東京メトロ有楽町線/東池袋 徒歩2分,即入居可,5798万円,1億2900万円,2LDK,3LDK,47.4,80.18
312,クリオ日本橋久松町,中央区日本橋久松町,東京メトロ日比谷線/人形町 徒歩6分,2019年1月,6732万1000円,8878万9000円,2LDK+S,2LDK+S,60.48,60.48
313,アトラス代々木上原,渋谷区上原２,東京メトロ千代田線/代々木上原 徒歩10分,即入居可,1億890万円,1億890万円,3LDK,3LDK,80.11,80.11
314,グランドメゾン西原三丁目,渋谷区西原３,小田急線/代々木上原 徒歩4分,2018年7月,2億2600万円,2億2600万円,3LDK,3LDK,104.88,104.88
315,オーベル板橋本町,板橋区稲荷台,都営三田線/板橋本町 徒歩8分,2019年3月,4798万円,6198万円,2LDK+S,4LDK,70.36,84.92
316,リムテラス世田谷等々力,世田谷区等々力７,東急大井町線/尾山台 徒歩13分,即入居可,5300万円,5300万円,2LDK+S,2LDK+S,78.51,78.51
317,自由が丘マンションプロジェクト,目黒区緑が丘2-2330-2他,東急東横線/自由が丘 徒歩10分,2018年11月予定,6150万円,8110万円,2LDK,2LDK,62.02,67
318,アジール・デューク目黒,目黒区下目黒２,ＪＲ山手線/目黒 徒歩9分,2018年1月予定,6498万円,7548万円,2LDK+S,2LDK+S,70.68,76.96
319,ライオンズ千代田岩本町ミレス,千代田区岩本町２,都営新宿線/岩本町 徒歩4分,2018年3月16日予定,価格未定,価格未定,1K,1K,26.36,26.36
320,クレヴィスタ板橋本町,東京都板橋区大和町,都営三田線/板橋本町 徒歩3分,即入居可,2780万円,2780万円,1K,1K,25.6,25.6
321,オープンレジデンシア綾瀬●綾瀬駅より徒歩３分！新築未入居のピカピカの物件です！！,東京都足立区綾瀬３,東京メトロ千代田線/綾瀬 徒歩3分,即入居可,3180万円,3180万円,1LDK,1LDK,40.34,40.34
322,オープンレジデンシア綾瀬,東京都足立区綾瀬３,ＪＲ常磐線/綾瀬 徒歩3分,即入居可,3180万円,3180万円,1LDK,1LDK,40.34,40.34
323,オープンレジデンシア綾瀬,東京都足立区綾瀬３,東京メトロ千代田線/綾瀬 徒歩3分,即入居可,3180万円,3180万円,1LDK,1LDK,40.34,40.34
324,オープンレジデンシア綾瀬,東京都足立区綾瀬３-７－７,ＪＲ常磐線/綾瀬 徒歩3分,即入居可,3180万円,3180万円,1LDK,1LDK,40.34,40.34
325,オープンレジデンシア綾瀬,東京都足立区綾瀬３,東京メトロ千代田線/綾瀬 徒歩3分,即入居可,3180万円,3180万円,1LDK,1LDK,40.34,40.34
326,ラヴィドール府中中河原,東京都府中市住吉町２,京王線/中河原 徒歩2分,相談,3280万円,3280万円,3LDK,3LDK,78.68,78.68
327,グランド・ガーラ白金高輪,東京都港区高輪１-23-33,東京メトロ南北線/白金高輪 徒歩4分,相談,3600万円,3600万円,1K,1K,20.43,20.43
328,オープンレジデンシア銀座二丁目,東京都中央区銀座２,東京メトロ銀座線/銀座 徒歩7分,即入居可,3680万円,3680万円,1K,1K,25.11,25.11
329,アヴニールイシ南千住,東京都台東区日本堤１-40-4,ＪＲ常磐線/南千住 徒歩7分,相談,3880万円,3880万円,1LDK,1LDK,40.43,40.43
330,***　アブニールイシ南千住　***,東京都台東区日本堤１,東京メトロ日比谷線/南千住 徒歩7分,即入居可,3880万円,3880万円,1LDK,1LDK,40.43,40.43
331,《ヴォーガコルテ阿佐ヶ谷》内覧可能♪　築後未入居物件！,東京都杉並区阿佐谷南１,東京メトロ丸ノ内線/南阿佐ヶ谷 徒歩8分,即入居可,3980万円,3980万円,1LDK,1LDK,40.92,40.92
332,◇ 新築・未入居♪両国４分♪ペット可 ◇ エルパティオ両国,東京都墨田区両国１-13-2,ＪＲ総武線/両国 徒歩4分,即入居可,3980万円,3980万円,1LDK,1LDK,40.56,40.56
333,ザ・パークハウス西新宿タワー60,東京都新宿区西新宿５,都営大江戸線/西新宿五丁目 徒歩7分,2018年3月予定,4370万円,4370万円,1DK,1DK,35.66,35.66
334,メイクスデザイン入谷Ⅱ,東京都台東区入谷１,東京メトロ日比谷線/入谷 徒歩2分,即入居可,4390万円,4390万円,2LDK,2LDK,55.79,55.79
335,アジールコフレ中野坂上,東京都中野区本町２,東京メトロ丸ノ内線/中野坂上 徒歩2分,即入居可,4478万円,4478万円,1LDK,1LDK,34.63,34.63
336,リーフィアレジデンス狛江東和泉,東京都狛江市東和泉１,小田急線/狛江 徒歩4分,即入居可,4678万円,4678万円,2LDK,2LDK,57.57,57.57
337,サンクレイドルひばりが丘,東京都西東京市谷戸町２,西武池袋線/ひばりヶ丘 徒歩12分,2017年12月予定,4790万円,4790万円,3LDK,3LDK,72.42,72.42
338,メインステージ元浅草Ⅲ,東京都台東区元浅草４,東京メトロ銀座線/田原町 徒歩6分,即入居可,4880万円,4880万円,1LDK+S,1LDK+S,50.18,50.18
339,マルクパージュ北小岩,東京都江戸川区北小岩１,ＪＲ総武線/小岩 徒歩14分,相談,4920万円,4920万円,2LDK,2LDK,56.22,56.22
340,ヴィークコート豊田　【南東向き、日照・眺望・通風良好】,東京都日野市東豊田３,ＪＲ中央線/豊田 徒歩6分,即入居可,4990万円,4990万円,3LDK,3LDK,72.39,72.39
341,ベイズタワー＆ガーデン,東京都江東区豊洲６-10-8他,新交通ゆりかもめ/新豊洲 徒歩6分,即入居可,4990万円,4990万円,1LDK,1LDK,54.98,54.98
342,アビダス西国分寺,東京都国分寺市西恋ヶ窪４,ＪＲ中央線/西国分寺 徒歩9分,2017年9月,4998万円,4998万円,3LDK,3LDK,71.3,71.3
343,六本木グランドタワーレジデンス,東京都港区六本木３,東京メトロ南北線/六本木一丁目 徒歩2分,相談,5180万円,5180万円,1K,1K,25.79,25.79
344,コンシェリア新宿HILLSIDE SQUARE,東京都新宿区余丁町４－１４,都営大江戸線/若松河田 徒歩7分,相談,5190万円,5190万円,1LDK,1LDK,40.36,40.36
345,インプレスト文京東大前　,東京都文京区向丘１,東京メトロ南北線/東大前 徒歩2分,即入居可,5200万円,5200万円,2LDK,2LDK,42.2,42.2
346,インプレスト文京東大前,東京都文京区向丘１,東京メトロ南北線/東大前 徒歩2分,即入居可,5200万円,5200万円,2LDK,2LDK,42.2,42.2
347,●●インプレスト文京東大前●●,東京都文京区向丘１,東京メトロ南北線/東大前 徒歩2分,即入居可,5200万円,5200万円,2LDK,2LDK,42.2,42.2
348,《リストレジデンス等々力》内覧可能♪　２０１５年築のきれいなマンションです。,東京都世田谷区等々力８,東急大井町線/等々力 徒歩15分,即入居可,5290万円,5290万円,2LDK,2LDK,56.36,56.36
349,DEUX TOURS CANAL&SPA　48階住戸,東京都中央区晴海３,都営大江戸線/勝どき 徒歩11分,即入居可,5300万円,5300万円,1LDK,1LDK,44.58,44.58
350,DEUX TOURS CANAL&SPA　42階住戸,東京都中央区晴海３,都営大江戸線/勝どき 徒歩11分,即入居可,5300万円,5300万円,1LDK,1LDK,44.67,44.67
351,リベルサ,東京都世田谷区成城２,小田急線/成城学園前 徒歩2分,相談,5380万円,5380万円,2LDK,2LDK,67.44,67.44
352,リベルサ,東京都世田谷区成城２,小田急線/成城学園前 徒歩3分,即入居可,5380万円,5380万円,2LDK,2LDK,67.44,67.44
353,新築コーポラティブハウス　リベルサ,東京都世田谷区成城２,小田急線/成城学園前 徒歩3分,相談,5380万円,5380万円,2LDK,2LDK,67.44,67.44
354,《オープンレジデンシア虎ノ門　４階》　新築　未入居♪　支払１４５３０１円～,東京都港区西新橋３,東京メトロ銀座線/虎ノ門 徒歩9分,即入居可,5480万円,5480万円,1LDK,1LDK,34.16,34.16
355,***　サンウッド東日本橋フラッツ　***,東京都中央区日本橋横山町,ＪＲ総武線快速/馬喰町 徒歩1分,即入居可,5480万円,5480万円,1LDK,1LDK,40,40
356,プレミスト新宿山吹,東京都新宿区山吹町３６５－１,東京メトロ有楽町線/江戸川橋 徒歩2分,即入居可,5480万円,5480万円,2LDK,2LDK,53.6,53.6
357,センチュリー初台,東京都渋谷区初台１,京王新線/初台 徒歩2分,即入居可,5480万円,5480万円,2LDK,2LDK,58.94,58.94
358,サンウッド東日本橋フラッツ,東京都中央区日本橋横山町,ＪＲ総武線快速/馬喰町 徒歩1分,相談,5480万円,5480万円,1LDK,1LDK,40,40
359,◆新築未入居◆内覧可能◆即入居可能◆投資にもオススメ◆オープンレジデンシア虎ノ門,東京都港区西新橋３,都営三田線/御成門 徒歩8分,即入居可,5480万円,5480万円,1LDK,1LDK,34.16,34.16
360,エステムプラザ　ＴＯＫＹＯ　ＲＩＳＥ,東京都江東区東陽３,東京メトロ東西線/木場 徒歩4分,相談,5598万円,5598万円,2LDK+S,2LDK+S,69.14,69.14
361,《エステムプラザ東京ライズ》内覧可能♪　13階南西角部屋で日当り・通風良好,東京都江東区東陽３,東京メトロ東西線/木場 徒歩4分,即入居可,5598万円,5598万円,3LDK,3LDK,69.14,69.14
362,【新築未入居】エステムプラザＴＯＫＹＯ ＲＩＳＥ,東京都江東区東陽３,東京メトロ東西線/木場 徒歩4分,即入居可,5598万円,5598万円,3LDK,3LDK,69.14,69.14
363,～センチュリー荻窪　堂々完成～　荻窪駅徒歩10分　☆飯田グループホールディングス☆,東京都杉並区荻窪２,ＪＲ中央線/荻窪 徒歩10分,即入居可,5640万円,5640万円,2LDK,2LDK,54.95,54.95
364,オーベルグランディオ品川勝島【新築未入居】,東京都品川区勝島１,京急本線/立会川 徒歩11分,相談,5680万円,5680万円,4LDK+S,4LDK+S,80.83,80.83
365,パレステージ上野,東京都台東区上野７,ＪＲ山手線/上野 徒歩5分,即入居可,5720万円,5720万円,2LDK+S,2LDK+S,62.9,62.9
366,【即日内見可能】　パレステージ上野,東京都台東区上野７-13-15,ＪＲ山手線/上野 徒歩5分,即入居可,5720万円,5720万円,2LDK+S,2LDK+S,62.9,62.9
367,《パレステージ上野》内覧可能♪　２０１７年２月新築未入居物件です。,東京都台東区上野７,ＪＲ山手線/上野 徒歩5分,即入居可,5750万円,5750万円,3LDK,3LDK,62.9,62.9
368,パレステージ上野,東京都台東区上野７,ＪＲ山手線/上野 徒歩5分,即入居可,5750万円,5750万円,2LDK+S,2LDK+S,62.9,62.9
369,ザ・パークハウス西新宿タワー６０,東京都新宿区西新宿５,都営大江戸線/西新宿五丁目 徒歩7分,2017年12月予定,5780万円,5780万円,1LDK,1LDK,49.11,49.11
370,ブリリアタワーズ目黒　サウスレジデンス,東京都品川区上大崎３-2,ＪＲ山手線/目黒 徒歩2分,2018年5月予定,5780万円,5780万円,ワンルーム,ワンルーム,30.05,30.05
371,ザ・パークハウス晴海タワーズ ティアロレジデンス【野村の仲介＋お勧め物件】,東京都中央区晴海２,都営大江戸線/月島 徒歩13分,即入居可,5780万円,5780万円,2LDK,2LDK,57.06,57.06
372,ブリリアタワーズ目黒　サウスレジデンス,東京都品川区上大崎３,ＪＲ山手線/目黒 徒歩2分,2018年5月予定,5900万円,5900万円,ワンルーム,ワンルーム,34.86,34.86
373,《リストレジデンス等々力》内覧可能♪　２０１５年築のきれいなマンションです。,東京都世田谷区等々力８,東急大井町線/等々力 徒歩15分,即入居可,5980万円,5980万円,2LDK+S,2LDK+S,70.01,70.01
374,ブランズシティ品川勝島,東京都品川区勝島１,京急本線/鮫洲 徒歩11分,即入居可,5980万円,5980万円,4LDK,4LDK,85.8,85.8
375,《ブランズシティ品川勝島》内覧可能♪　総戸数３５６邸の大型コミュニティ,東京都品川区勝島１,東京モノレール/大井競馬場前 徒歩8分,即入居可,5980万円,5980万円,4LDK,4LDK,85.8,85.8
376,プレシス練馬,東京都練馬区豊玉南３,西武池袋線/練馬 徒歩15分,即入居可,5980万円,5980万円,4LDK,4LDK,84.94,84.94
377,ルフォン根岸三丁目,東京都台東区根岸３,東京メトロ日比谷線/入谷 徒歩3分,即入居可,5998万円,5998万円,3LDK,3LDK,60.5,60.5
378,ブリリアタワーズ目黒　サウスレジデンス,東京都品川区上大崎３-2,ＪＲ山手線/目黒 徒歩2分,2017年12月予定,6000万円,6000万円,ワンルーム,ワンルーム,30.05,30.05
379,《リストレジデンス等々力》内覧可能♪　２０１５年築のきれいなマンションです。,東京都世田谷区等々力８,東急大井町線/等々力 徒歩15分,即入居可,6080万円,6080万円,3LDK,3LDK,70,70
380,パレステージ上野｜１３路線利用可｜ペット飼育可｜オートロック｜宅配ボックス,東京都台東区上野７,ＪＲ山手線/上野 徒歩5分,即入居可,6080万円,6080万円,2LDK+S,2LDK+S,62.9,62.9
381,ブリリアタワーズ目黒　サウスレジデンス,東京都品川区上大崎３-2,ＪＲ山手線/目黒 徒歩2分,2018年5月予定,6180万円,6180万円,ワンルーム,ワンルーム,30.05,30.05
382,オープンレジデンシア築地,東京都中央区築地２,東京メトロ日比谷線/築地 徒歩1分,即入居可,6200万円,6200万円,1LDK,1LDK,38.38,38.38
383,ザ・パークハウス西新宿タワー60,東京都新宿区西新宿５,都営大江戸線/西新宿五丁目 徒歩7分,2018年3月予定,6280万円,6280万円,1LDK,1LDK,47.48,47.48
384,◆◆ＰＲＯＵＤ―ＣＩＴＹ阿佐ヶ谷テラス◆◆住環境良好な未入居メゾネットプラン！！,東京都杉並区成田東４,東京メトロ丸ノ内線/南阿佐ヶ谷 徒歩7分,即入居可,6380万円,6380万円,3LDK,3LDK,84.23,84.23
385,プラウドシティ阿佐ヶ谷テラス,東京都杉並区成田東４,東京メトロ丸ノ内線/南阿佐ヶ谷 徒歩7分,相談,6380万円,6380万円,3LDK,3LDK,84.23,84.23
386,プラウドシティ阿佐ヶ谷テラス　～戸建て感覚のハイブリット・メゾネット～,東京都杉並区成田東４,ＪＲ中央線/阿佐ヶ谷 徒歩15分,即入居可,6380万円,6380万円,3LDK,3LDK,84.23,84.23
387,ブリリアザ・タワー東京八重洲アベニュー 26階,東京都中央区新川２,東京メトロ日比谷線/八丁堀 徒歩4分,相談,6480万円,6480万円,1LDK,1LDK,43.89,43.89
388,ブリリアザ・タワー東京八重洲アベニュー,東京都中央区新川２-10,東京メトロ日比谷線/八丁堀 徒歩4分,2018年2月予定,6480万円,6480万円,1LDK,1LDK,43.89,43.89
389,ザ・パークハウス晴海タワーズ ティアロレジデンス,東京都中央区晴海２,都営大江戸線/勝どき 徒歩13分,即入居可,6480万円,6480万円,2LDK,2LDK,64.67,64.67
390,ミッドレジデンス文京,東京都文京区関口１,東京メトロ有楽町線/江戸川橋 徒歩1分,即入居可,6580万円,6580万円,3LDK,3LDK,66.76,66.76
391,～センチュリー荻窪　堂々完成～　荻窪駅徒歩10分　☆飯田グループホールディングス☆,東京都杉並区荻窪２,ＪＲ中央線/荻窪 徒歩10分,即入居可,6650万円,6650万円,3LDK,3LDK,65.4,65.4
392,ザ・パークハウス晴海タワーズティアロレジデンス,東京都中央区晴海２,都営大江戸線/勝どき 徒歩13分,相談,6780万円,6780万円,2LDK,2LDK,63.05,63.05
393,ザ・パークハウス晴海タワーズ　ティアロレジデンス,東京都中央区晴海２,東京メトロ有楽町線/月島 徒歩10分,相談,6780万円,6780万円,2LDK,2LDK,63.05,63.05
394,DEUX TOURS CANAL&SPA EAST　8階住戸,東京都中央区晴海３-13-1,都営大江戸線/勝どき 徒歩11分,即入居可,6850万円,6850万円,2LDK,2LDK,64.59,64.59
395,ザ・パークハウス西新宿タワー60,東京都新宿区西新宿５,都営大江戸線/西新宿五丁目 徒歩7分,2018年3月予定,6900万円,6900万円,2LDK,2LDK,57.94,57.94
396,ザ・パークハウス西新宿タワー60,東京都新宿区西新宿５,都営大江戸線/西新宿五丁目 徒歩7分,2018年4月予定,6980万円,6980万円,1LDK,1LDK,56.39,56.39
397,オープンレジデンシア中目黒別所坂,東京都目黒区中目黒１,東京メトロ日比谷線/恵比寿 徒歩7分,相談,6980万円,6980万円,1LDK+S,1LDK+S,66.27,66.27
398,ヴィルヴィオ葛西,東京都江戸川区東葛西２,東京メトロ東西線/葛西 徒歩7分,即入居可,6990万円,6990万円,3LDK,3LDK,82.88,82.88
399,＝アドバンスフィールド＝　ザ・パークハウス西新宿タワー６０,東京都新宿区西新宿５,都営大江戸線/西新宿五丁目 徒歩7分,相談,7150万円,7150万円,2LDK,2LDK,56.39,56.39
400,ザ・パークハウス西新宿タワー60,東京都新宿区西新宿５,東京メトロ丸ノ内線/西新宿 徒歩9分,2018年3月予定,7200万円,7200万円,2LDK,2LDK,60.22,60.22
401,ＡＺＥＳＴ下落合,東京都新宿区上落合１-９－１０,西武新宿線/下落合 徒歩5分,契約後1ヶ月,7280万円,7280万円,2LDK+S,2LDK+S,91.04,91.04
402,ザ・パークハウス西新宿タワー60,東京都新宿区西新宿５,都営大江戸線/西新宿五丁目 徒歩7分,2018年3月予定,7280万円,7280万円,1LDK,1LDK,60.22,60.22
403,プラウド桜新町,東京都世田谷区弦巻５,東急田園都市線/桜新町 徒歩10分,相談,7280万円,7280万円,3LDK,3LDK,74.46,74.46
404,ザ・パークハウス西新宿タワー60,東京都新宿区西新宿５,都営大江戸線/西新宿五丁目 徒歩7分,2018年3月予定,7300万円,7300万円,2LDK,2LDK,57.94,57.94
405,アトラス市ヶ谷,東京都新宿区市谷本村町,ＪＲ中央線/市ヶ谷 徒歩6分,相談,7380万円,7380万円,2LDK,2LDK,58.68,58.68
406,パークホームズ豊洲ザ・レジデンス,東京都江東区豊洲５,東京メトロ有楽町線/豊洲 徒歩5分,相談,7480万円,7480万円,3LDK,3LDK,73.04,73.04
407,ザ・パークハウス 西新宿タワー６０,東京都新宿区西新宿５-4-9,都営大江戸線/西新宿五丁目 徒歩7分,2018年2月予定,7580万円,7580万円,2LDK,2LDK,65.1,65.1
408,桜上水ガーデンズ,東京都世田谷区桜上水４,京王線/桜上水 徒歩3分,相談,7600万円,7600万円,3LDK+S,3LDK+S,75.88,75.88
409,DEUX TOURS【野村の仲介＋お勧め物件】,東京都中央区晴海３,都営大江戸線/勝どき 徒歩9分,即入居可,7660万円,7660万円,2LDK+S,2LDK+S,70.98,70.98
410,ブリリアタワーズ目黒　サウスレジデンス,東京都品川区上大崎３,ＪＲ山手線/目黒 徒歩2分,2018年5月予定,7700万円,7700万円,1LDK,1LDK,41.08,41.08
411,プラウド府中ステーションアリーナ,東京都府中市宮町１,京王線/府中 徒歩1分,相談,7730万円,7730万円,3LDK,3LDK,73.73,73.73
412,◎プラウドシティ阿佐ヶ谷ガーデンＡ棟◎,東京都杉並区成田東４,東京メトロ丸ノ内線/南阿佐ヶ谷 徒歩5分,即入居可,7780万円,7780万円,2LDK,2LDK,67.98,67.98
413,プラウドシティ阿佐ヶ谷ガーデン,東京都杉並区成田東４,東京メトロ丸ノ内線/南阿佐ヶ谷 徒歩5分,相談,7780万円,7780万円,2LDK,2LDK,67.98,67.98
414,ザ・パークハウス西新宿タワー60,東京都新宿区西新宿５,都営大江戸線/西新宿五丁目 徒歩7分,相談,7788万円,7788万円,2LDK,2LDK,62.56,62.56
415,ザ・パークハウス西新宿タワー６０,東京都新宿区西新宿５,東京メトロ丸ノ内線/西新宿 徒歩9分,相談,7788万円,7788万円,2LDK,2LDK,62.56,62.56
416,ザ・パークハウス中野タワー,東京都中野区中野５,ＪＲ中央線/中野 徒歩6分,相談,7800万円,7800万円,2LDK,2LDK,61.27,61.27
417,勝どきザ・タワー【野村の仲介＋お勧め物件】,東京都中央区勝どき５,都営大江戸線/勝どき 徒歩6分,相談,7980万円,7980万円,3LDK,3LDK,81.2,81.2
418,勝どきザ・タワー,東京都中央区勝どき５,都営大江戸線/勝どき 徒歩6分,即入居可,7980万円,7980万円,3LDK,3LDK,81.2,81.2
419,ザ・パークハウス西新宿タワー６０　,東京都新宿区西新宿５-４－９,東京メトロ丸ノ内線/西新宿 徒歩8分,相談,7980万円,7980万円,2LDK,2LDK,59.51,59.51
420,ザ・パークハウス西新宿タワー60,東京都新宿区西新宿５,都営大江戸線/西新宿五丁目 徒歩7分,相談,7980万円,7980万円,2LDK,2LDK,59.51,59.51
421,ザ・パークハウス晴海タワーズ ティアロレジデンス　46階住戸,東京都中央区晴海２,都営大江戸線/勝どき 徒歩14分,即入居可,7990万円,7990万円,3LDK,3LDK,76.18,76.18
422,ザ・パークハウス晴海タワーズ　ティアロレジデンス　46階3ＬＤＫ東向き住戸,東京都中央区晴海２,都営大江戸線/勝どき 徒歩13分,相談,7990万円,7990万円,3LDK,3LDK,76.18,76.18
423,アルファグランデ千桜タワー,東京都千代田区神田東松下町,ＪＲ山手線/神田 徒歩5分,2018年8月予定,8380万円,8380万円,3LDK,3LDK,64.72,64.72
424,プラウド府中ステーションアリーナ,東京都府中市宮町１,京王線/府中 徒歩1分,即入居可,8480万円,8480万円,3LDK,3LDK,69.38,69.38
425,勝どき　ザ・タワー,東京都中央区勝どき５,都営大江戸線/勝どき 徒歩6分,相談,8580万円,8580万円,2LDK,2LDK,67.86,67.86
426,勝どき ザ・タワー　45階住戸,東京都中央区勝どき５,都営大江戸線/勝どき 徒歩6分,即入居可,8580万円,8580万円,2LDK,2LDK,67.86,67.86
427,ザ・パークハウス中野タワー,東京都中野区中野５,ＪＲ中央線/中野 徒歩6分,相談,8590万円,8590万円,2LDK,2LDK,58.55,58.55
428,リベルサ,東京都世田谷区成城２,小田急線/成城学園前 徒歩3分,即入居可,8680万円,8680万円,3LDK,3LDK,93.64,93.64
429,新築コーポラティブハウス　リベルサ,東京都世田谷区成城２,小田急線/成城学園前 徒歩3分,相談,8680万円,8680万円,3LDK,3LDK,93.64,93.64
430,成城2丁目　Liversa- リベルサ,東京都世田谷区成城２,小田急線/成城学園前 徒歩3分,即入居可,8680万円,8680万円,3LDK,3LDK,93.64,93.64
431,新築・７%高利回り・投資用マンション◇町屋　徒歩１２分・新築一棟売アパート,東京都荒川区町屋４-34-17,東京メトロ千代田線/町屋 徒歩12分,相談,8794万円,8794万円,12K,12K,163.71,163.71
432,アルファグランデ千桜タワー,東京都千代田区神田東松下町,ＪＲ山手線/神田 徒歩5分,2018年8月予定,8800万円,8800万円,3LDK,3LDK,67.09,67.09
433,ザ・パークハウス西新宿タワー６０,東京都新宿区西新宿５,都営大江戸線/西新宿五丁目 徒歩7分,相談,9150万円,9150万円,2LDK,2LDK,60.1,60.1
434,プレミスト日本橋浜町,東京都中央区日本橋浜町３-１９番１０,東京メトロ半蔵門線/水天宮前 徒歩6分,即入居可,9380万円,9380万円,3LDK,3LDK,92.88,92.88
435,ザ・パークハウス西新宿タワー60,東京都新宿区西新宿５,都営大江戸線/西新宿五丁目 徒歩7分,相談,9480万円,9480万円,2LDK+S,2LDK+S,81.5,81.5
436,プラウド府中ステーションアリーナ【駅直結×最上階×天井高約2.5m】,東京都府中市宮町１,京王線/府中 徒歩1分,相談,9609万円,9609万円,3LDK+S,3LDK+S,75.64,75.64
437,ザ・パークハウス西新宿タワー60【野村の仲介＋お勧め物件】,東京都新宿区西新宿５,東京メトロ丸ノ内線/西新宿 徒歩9分,2018年3月予定,9660万円,9660万円,2LDK,2LDK,76.46,76.46
438,ザ・パークハウス西新宿タワー60,東京都新宿区西新宿５,都営大江戸線/西新宿五丁目 徒歩7分,2018年3月予定,9780万円,9780万円,3LDK,3LDK,70.06,70.06
439,ザ・パークハウス西新宿タワー６０,東京都新宿区西新宿５,都営大江戸線/西新宿五丁目 徒歩7分,相談,9980万円,9980万円,3LDK,3LDK,76.46,76.46
440,ブリリアザ・タワー東京八重洲アベニュー,東京都中央区新川２-10,東京メトロ日比谷線/八丁堀 徒歩4分,2018年2月予定,9980万円,9980万円,2LDK+2S,2LDK+2S,69.3,69.3
441,【ザ・パークハウス西新宿タワー６０】５３階部分　南東向　新築未入居タワーマンション,東京都新宿区西新宿５-5-1,東京メトロ丸ノ内線/西新宿 徒歩9分,2018年3月予定,1億280万円,1億280万円,2LDK,2LDK,70.01,70.01
442,勝どきザ・タワー,東京都中央区勝どき５,都営大江戸線/勝どき 徒歩6分,相談,1億500万円,1億500万円,2LDK,2LDK,74.47,74.47
443,ディアナコート茗荷谷翠景,東京都文京区大塚３,東京メトロ丸ノ内線/茗荷谷 徒歩7分,即入居可,1億500万円,1億500万円,2LDK+S,2LDK+S,78.28,78.28
444,ザ・パークハウス西新宿タワー６０,東京都新宿区西新宿５,都営大江戸線/西新宿五丁目 徒歩7分,相談,1億700万円,1億700万円,3LDK,3LDK,85.35,85.35
445,ザ・パークハウス西新宿タワー６０,東京都新宿区西新宿５,都営大江戸線/西新宿五丁目 徒歩7分,相談,1億800万円,1億800万円,3LDK,3LDK,87.37,87.37
446,デュフレベース世田谷赤堤,東京都世田谷区赤堤２-32-13,小田急線/豪徳寺 徒歩8分,即入居可,1億980万円,1億980万円,3LDK,3LDK,122.54,122.54
447,山手線「目黒」駅徒歩１分　BrilliaTowers目黒NorthResidence,東京都品川区上大崎３,ＪＲ山手線/目黒 徒歩1分,2018年1月予定,1億1000万円,1億1000万円,1LDK+S,1LDK+S,53.5,53.5
448,ザ・パークハウス西新宿タワー60,東京都新宿区西新宿５,都営大江戸線/西新宿五丁目 徒歩7分,2018年3月予定,1億1500万円,1億1500万円,3LDK,3LDK,77.93,77.93
449,パークコート三番町ヒルトップレジデンス,東京都千代田区三番町,都営新宿線/市ヶ谷 徒歩4分,2018年1月予定,1億1800万円,1億1800万円,1LDK,1LDK,62.95,62.95
450,プレミスト佃二丁目,東京都中央区佃２-5番7,東京メトロ有楽町線/月島 徒歩3分,即入居可,1億2000万円,1億2000万円,4LDK,4LDK,91.17,91.17
451,ブリリアタワーズ目黒　ノースレジデンス,東京都品川区上大崎３-1,ＪＲ山手線/目黒 徒歩1分,2018年6月予定,1億2000万円,1億2000万円,2LDK,2LDK,53.5,53.5
452,ザ・パークハウス西新宿タワー６０,東京都新宿区西新宿５,都営大江戸線/西新宿五丁目 徒歩7分,相談,1億2480万円,1億2480万円,2LDK,2LDK,83.37,83.37
453,南青山マスターズハウス,東京都港区南青山４,東京メトロ千代田線/乃木坂 徒歩6分,相談,1億2500万円,1億2500万円,1LDK,1LDK,80.78,80.78
454,ディアスタ早稲田　諏訪通り,東京都新宿区西早稲田２-12-3,東京メトロ副都心線/西早稲田 徒歩5分,即入居可,1億2500万円,1億2500万円,3LDK,3LDK,90.87,90.87
455,ザ・パークハウス西新宿タワー６０,東京都新宿区西新宿５,都営大江戸線/西新宿五丁目 徒歩7分,2018年3月予定,1億2500万円,1億2500万円,2LDK,2LDK,87.37,87.37
456,ブリリアタワーズ目黒サウスレジデンス,東京都品川区上大崎３-２番,ＪＲ山手線/目黒 徒歩2分,相談,1億2500万円,1億2500万円,2LDK,2LDK,54.64,54.64
457,ブリリアタワーズ目黒　ノースレジデンス,東京都品川区上大崎３-1,ＪＲ山手線/目黒 徒歩1分,2018年6月予定,1億2550万円,1億2550万円,1LDK+S,1LDK+S,59.8,59.8
458,ブリリアタワーズ目黒　ノースレジデンス,東京都品川区上大崎３,ＪＲ山手線/目黒 徒歩1分,2018年1月予定,1億2700万円,1億2700万円,2LDK,2LDK,70.13,70.13
459,ザ・パークハウス西新宿タワー60,東京都新宿区西新宿５,都営大江戸線/西新宿五丁目 徒歩7分,相談,1億2800万円,1億2800万円,3LDK+S,3LDK+S,83.37,83.37
460,ブリリアタワーズ目黒　サウスレジデンス,東京都品川区上大崎３,ＪＲ山手線/目黒 徒歩2分,2017年12月予定,1億2900万円,1億2900万円,2LDK,2LDK,66.65,66.65
461,ブリリアタワーズ目黒　サウスレジデンス,東京都品川区上大崎３,ＪＲ山手線/目黒 徒歩2分,2018年7月予定,1億2980万円,1億2980万円,2LDK,2LDK,54.64,54.64
462,ブランズ渋谷常盤松,東京都渋谷区東４,東京メトロ銀座線/表参道 徒歩17分,即入居可,1億3000万円,1億3000万円,2LDK,2LDK,70.79,70.79
463,ザ・パークハウス西新宿タワー６０,東京都新宿区西新宿５,都営大江戸線/西新宿五丁目 徒歩7分,相談,1億3200万円,1億3200万円,3LDK,3LDK,87.37,87.37
464,ブリリア　タワーズサウスレジデンス,東京都品川区上大崎３,ＪＲ山手線/目黒 徒歩2分,2018年2月予定,1億3300万円,1億3300万円,1LDK,1LDK,61.24,61.24
465,ブリリアタワーズ目黒　サウスレジデンス,東京都品川区上大崎３-2,ＪＲ山手線/目黒 徒歩2分,2018年5月予定,1億3600万円,1億3600万円,2LDK,2LDK,64.4,64.4
466,ザ・パークハウス新宿御苑,東京都新宿区新宿２,東京メトロ丸ノ内線/新宿御苑前 徒歩1分,2018年3月予定,1億3800万円,1億3800万円,3LDK,3LDK,75.66,75.66
467,ブリリアタワーズ目黒　ノースレジデンス,東京都品川区上大崎３,ＪＲ山手線/目黒 徒歩1分,2018年6月予定,1億3980万円,1億3980万円,2LDK+S,2LDK+S,68.07,68.07
468,ザ・パークハウス西新宿タワー６０,東京都新宿区西新宿５,都営大江戸線/西新宿五丁目 徒歩7分,相談,1億4000万円,1億4000万円,3LDK,3LDK,89.86,89.86
469,ブリリアタワーズ目黒　ノースレジデンス,東京都品川区上大崎３-1,ＪＲ山手線/目黒 徒歩1分,2018年6月予定,1億4170万円,1億4170万円,2LDK,2LDK,68.84,68.84
470,ブリリアタワーズ目黒　ノースレジデンス,東京都品川区上大崎３-1,ＪＲ山手線/目黒 徒歩1分,2018年6月予定,1億5300万円,1億5300万円,3LDK+S,3LDK+S,79.58,79.58
471,ブリリアタワーズ目黒ノースレジデンス,東京都品川区上大崎３-1,ＪＲ山手線/目黒 徒歩1分,相談,1億5800万円,1億5800万円,2LDK,2LDK,66.29,66.29
472,ザ・パークハウスグラン南青山,東京都港区南青山５,東京メトロ銀座線/表参道 徒歩4分,相談,1億5990万円,1億5990万円,1LDK,1LDK,60.21,60.21
473,ザ・パークハウス西新宿タワー60,東京都新宿区西新宿５,都営大江戸線/西新宿五丁目 徒歩7分,相談,1億6580万円,1億6580万円,2LDK,2LDK,96.08,96.08
474,ザ・パークハウス西新宿タワー60,東京都新宿区西新宿５,都営大江戸線/西新宿五丁目 徒歩7分,相談,1億6580万円,1億6580万円,2LDK,2LDK,96.08,96.08
475,【新築タワーレジデンス55階】ザ・パークハウス西新宿タワー60,東京都新宿区西新宿５,都営大江戸線/西新宿五丁目 徒歩7分,即入居可,1億6580万円,1億6580万円,2LDK+S,2LDK+S,96.8,96.8
476,ザ・パークハウス西新宿タワー60,東京都新宿区西新宿５,都営大江戸線/西新宿五丁目 徒歩7分,相談,1億6580万円,1億6580万円,2LDK,2LDK,96.08,96.08
477,ザ・パークハウス西新宿タワー60,東京都新宿区西新宿５,都営大江戸線/西新宿五丁目 徒歩7分,2018年3月予定,1億6800万円,1億6800万円,3LDK,3LDK,96.08,96.08
478,ブリリアタワーズ目黒　ノースレジデンス,東京都品川区上大崎３-1,ＪＲ山手線/目黒 徒歩1分,2018年6月予定,1億8330万円,1億8330万円,2LDK+S,2LDK+S,79.58,79.58
479,《ブリリアタワーズ目黒サウスレジデンス》目黒駅前再開発地区の堂々たるタワーマンション,東京都品川区上大崎３,ＪＲ山手線/目黒 徒歩2分,2018年1月予定,1億9800万円,1億9800万円,2LDK,2LDK,72.11,72.11
480,ブリリアタワーズ目黒　サウスレジデンス,東京都品川区上大崎３-2,ＪＲ山手線/目黒 徒歩2分,2018年5月予定,2億1000万円,2億1000万円,2LDK+S,2LDK+S,80.2,80.2
481,ザ・パークハウスグラン南青山高樹町,東京都港区南青山７,東京メトロ日比谷線/広尾 徒歩11分,即入居可,2億2800万円,2億2800万円,3LDK,3LDK,99.52,99.52
482,ブリリアタワーズ目黒　ノースレジデンス,東京都品川区上大崎３-1,ＪＲ山手線/目黒 徒歩1分,2018年6月予定,2億3100万円,2億3100万円,3LDK,3LDK,95.28,95.28
483,ブリリアタワーズ目黒,東京都品川区上大崎３,ＪＲ山手線/目黒 徒歩1分,2018年5月予定,2億3800万円,2億3800万円,3LDK,3LDK,85.56,85.56
484,ブランズ　ザ　ハウス一番町,東京都千代田区一番町,東京メトロ半蔵門線/半蔵門 徒歩3分,即入居可,2億4800万円,2億4800万円,2LDK,2LDK,111.83,111.83
485,ブランズ　ザ・ハウス一番町,東京都千代田区一番町,東京メトロ半蔵門線/半蔵門 徒歩3分,相談,2億4800万円,2億4800万円,2LDK,2LDK,111.83,111.83
486,プラウド六本木,東京都港区六本木４,東京メトロ日比谷線/六本木 徒歩4分,相談,2億9500万円,2億9500万円,2LDK,2LDK,100.12,100.12
487,プラウド六本木,東京都港区六本木４-2-41,東京メトロ日比谷線/六本木 徒歩4分,相談,3億800万円,3億800万円,2LDK+S,2LDK+S,131.65,131.65
488,ブリリアタワーズ目黒　ノースレジデンス,東京都品川区上大崎３-1,ＪＲ山手線/目黒 徒歩1分,2018年6月予定,3億3000万円,3億3000万円,3LDK,3LDK,103.55,103.55
489,セイガステージ府中V,府中市本宿町２,ＪＲ南武線/西府 徒歩9分,2018年3月末予定,2498万円,4598万円,1LDK,4LDK,35,70.19
490,クイーンズプライム練馬北町,練馬区北町３,東京メトロ有楽町線/地下鉄赤塚 徒歩11分,即入居可,2798万円,2798万円,1LDK,1LDK,36.2,36.2
491,ヴェルディーク南多摩,稲城市大丸,ＪＲ南武線/南多摩 徒歩2分,即入居可,2990万円,4358万円,1LDK,3LDK,56.7,70.8
492,サンクレイドル浅草,台東区東浅草１,東京メトロ銀座線/浅草 徒歩14分,即入居可,2998万円,2998万円,1LDK,1LDK,40,40
493,J WAZAC東京押上,墨田区向島２,東京メトロ半蔵門線/押上 徒歩9分,2018年9月,3140万円,4340万円,1DK,2LDK,30.14,44.14
494,サンクレイドル立石,葛飾区東四つ木２,京成押上線/京成立石 徒歩13分,2017年12月,3198万円,3198万円,3LDK,3LDK,65.52,65.52
495,J WAZAC押上 エクセレント,墨田区向島３,東京メトロ半蔵門線/押上 徒歩7分,2018年2月,3370万円,4780万円,1LDK,2LDK,32.5,45.51
496,ファインスクェア府中本町,府中市矢崎町１,ＪＲ武蔵野線/府中本町 徒歩5分,2018年8月,3378万円,3378万円,2LDK,2LDK,55.37,55.37
497,スカイコートヒルズ北新宿,新宿区北新宿４,ＪＲ中央線/東中野 徒歩8分,即入居可,3390万円,5000万円,1K,1K,25.5,25.5
498,J WAZAC東雪谷,大田区東雪谷４,東急池上線/洗足池 徒歩13分,即入居可,3390万円,5740万円,1LDK,1LDK,38.16,56.35
499,クリオ ラベルヴィ三ノ輪,台東区竜泉２,東京メトロ日比谷線/三ノ輪 徒歩4分,2018年11月,3439万9000円,5243万8000円,1LDK,2LDK,34.16,54.28
500,エステムプラザ赤羽アンダルシア,北区赤羽２,ＪＲ京浜東北線/赤羽 徒歩5分,2017年12月,3458万円,3458万円,1DK,1DK,31.85,31.85
501,ラコント文京白山,文京区白山４,都営三田線/白山 徒歩7分,2018年3月,3480万円,3480万円,1R,1R,33.16,33.16
502,エステムプラザ とうきょうスカイツリー駅,墨田区向島３,東武伊勢崎線/とうきょうスカイツリー 徒歩2分,2018年4月,3560万円,5480万円,1LDK,2LDK,33.05,53.7
503,ベルコリーヌ南大沢5-6,八王子市南大沢５,京王相模原線/南大沢 徒歩10分,即入居可,3580万円,3580万円,2LDK,2LDK,87.88,87.88
504,シーズクロノス蒲田,大田区西蒲田８,ＪＲ京浜東北線/蒲田 徒歩4分,即入居可,3690万円,4930万円,1DK+S,1DK+S,39.16,39.16
505,プレシス久が原パークサイドテラス,大田区久が原１,東急池上線/御嶽山 徒歩14分,即入居可,3780万円,5580万円,1LDK+S,3LDK,54.85,74.78
506,アンビシャス小岩,葛飾区鎌倉２,ＪＲ総武線/小岩 徒歩17分,即入居可,3780万円,4490万円,1LDK+S,3LDK,44.99,65.17
507,セイガステージ世田谷烏山,世田谷区北烏山８,京王線/千歳烏山 徒歩18分,2018年3月末予定,3790万円,5360万円,2LDK,4LDK,55.65,75.6
508,エラヴィオ等々力,世田谷区等々力７,東急東横線/自由が丘 徒歩19分,即入居可,3850万円,6360万円,1R,2LDK,30.12,62.16
509,西日暮里フラッツ,荒川区西日暮里１,東京メトロ千代田線/西日暮里 徒歩5分,即入居可,3898万円,3898万円,1LDK,1LDK,41.62,41.62
510,プレシス府中エンティア,府中市本宿町２,ＪＲ南武線/西府 徒歩10分,即入居可,3980万円,3980万円,2LDK+S,2LDK+S,66.85,66.85
511,サンクレイドル千代田岩本町,千代田区岩本町２,東京メトロ日比谷線/小伝馬町 徒歩4分,2018年9月末予定,3998万円,4998万円,1LDK,1LDK,41.3,41.3
512,サンクレイドル北小岩,江戸川区北小岩６,京成本線/京成小岩 徒歩3分,即入居可,3998万円,3998万円,3LDK,3LDK,70.49,70.49
513,センチュリー青砥,葛飾区青戸７,京成本線/青砥 徒歩12分,即入居可,4258万円,4258万円,3LDK,3LDK,76.33,76.33
514,オープンレジデンシア西日暮里道灌山ヒルズ,荒川区西日暮里４,ＪＲ山手線/西日暮里 徒歩6分,2018年8月末予定,4388万円,8068万円,1LDK,3LDK,31.52,82.59
515,グランイーグル南六郷サウスビュー,大田区南六郷３,京急本線/雑色 徒歩12分,即入居可,4430万円,4430万円,3LDK,3LDK,60.9,60.9
516,サンクレイドル木場公園II,江東区千石１,東京メトロ東西線/木場 徒歩13分,即入居可,4468万円,5888万円,3LDK,3LDK,62.75,70.49
517,アジールコフレ中野坂上,中野区本町２,東京メトロ丸ノ内線/中野坂上 徒歩2分,即入居可,4478万円,4478万円,1LDK,1LDK,34.63,34.63
518,クリオラベルヴィ王子,北区栄町,ＪＲ京浜東北線/王子 徒歩3分,即入居可,4549万2000円,4549万2000円,2LDK,2LDK,48.05,48.05
519,リーフィアレジデンス狛江 東和泉,狛江市東和泉１,小田急線/狛江 徒歩4分,即入居可,4678万円,5088万円,2LDK,2LDK,57.57,61.17
520,ライオンズ東綾瀬公園グランフォート,足立区綾瀬７,東京メトロ千代田線/北綾瀬 徒歩8分,2018年3月29日予定,4690万円,4690万円,3LDK,3LDK,72.01,72.01
521,シエルヴィラ桜橋〈壱番館〉,墨田区向島２,東京メトロ半蔵門線/押上 徒歩11分,即入居可,4790万円,5290万円,1LDK+S,2LDK,55.89,63.22
522,ジーベック錦糸北斎通り,墨田区亀沢４,ＪＲ総武線/錦糸町 徒歩9分,即入居可,4880万円,4880万円,1LDK,1LDK,51.16,51.16
523,ピアース日本橋箱崎町,中央区日本橋箱崎町,東京メトロ半蔵門線/水天宮前 徒歩4分,2018年3月,4880万円,7080万円,1LDK,3LDK,43.34,62.41
524,オープンレジデンシア久が原,大田区南久が原２,東急池上線/久が原 徒歩4分,2018年1月,4888万円,4888万円,1LDK,1LDK,49.25,49.25
525,オープンレジデンシア日本橋馬喰町ステーションサイド,中央区日本橋馬喰町１,ＪＲ総武線快速/馬喰町 徒歩1分,2018年3月,4968万円,4968万円,1LDK,1LDK,43.87,43.87
526,リムテラス阿佐ヶ谷パークサイド,杉並区阿佐谷北２,ＪＲ中央線/阿佐ヶ谷 徒歩9分,即入居可,4980万円,6780万円,2LDK+S,2LDK+S,66.13,82.7
527,ライオンズ関町北グランヒルズ,練馬区関町北２,西武新宿線/武蔵関 徒歩6分,即入居可,4990万円,4990万円,3LDK,3LDK,64.67,64.67
528,ザ・サンクレイドル日本橋レジデンス,中央区日本橋富沢町,東京メトロ日比谷線/人形町 徒歩6分,2019年1月,4998万円,1億5498万円,1LDK,3LDK,41.01,94.81
529,アトラス押上 桜花テラス,墨田区向島３,東京メトロ半蔵門線/押上 徒歩9分,即入居可,5198万円,5198万円,3LDK,3LDK,59.63,59.63
530,クリオ武蔵小金井フロントアベニュー,小金井市本町５,ＪＲ中央線/武蔵小金井 徒歩8分,即入居可,5252万6000円,5974万6000円,2LDK+S,2LDK+S,63.1,70.57
531,センチュリー初台,渋谷区初台１,京王新線/初台 徒歩2分,即入居可,5480万円,5480万円,2LDK,2LDK,58.94,58.94
532,グランリビオ高輪三丁目,港区高輪３,都営浅草線/高輪台 徒歩2分,2018年6月,5590万円,1億430万円,1LDK,3LDK,37.97,70.55
533,オープンレジデンシア麻布六本木,港区六本木３,東京メトロ南北線/六本木一丁目 徒歩5分,2018年8月,5900万円台,9400万円台,1LDK,1LDK+S※納戸＝サービスルーム,35,58.37
534,オープンレジデンシア銀座築地,中央区築地６,東京メトロ日比谷線/築地 徒歩5分,2018年9月,5970万円,5970万円,1LDK+S,1LDK+S,48.45,48.45
535,ブランシエラ板橋西台,板橋区高島平９,都営三田線/西台 徒歩9分,即入居可,5980万円,5980万円,4LDK,4LDK,86.35,86.35
536,クリオ杉並高井戸,杉並区高井戸東３,京王井の頭線/高井戸 徒歩8分,即入居可,5989万4000円,5989万4000円,3LDK,3LDK,71.47,71.47
537,レ・ジェイド ヴェール駒込,北区西ケ原１,ＪＲ山手線/駒込 徒歩7分,即入居可,5998万円,5998万円,3LDK,3LDK,65.27,65.27
538,オープンレジデンシア本郷三丁目,文京区本郷３,東京メトロ丸ノ内線/本郷三丁目 徒歩7分,2018年6月,6198万円,8288万円,2LDK,3LDK,54.21,63.76
539,ディアナコート宮坂壇邸,豊島区南大塚１,東京メトロ丸ノ内線/新大塚 徒歩8分,即入居可,6380万円,6380万円,1LDK+S,1LDK+S,61.1,61.1
540,オープンレジデンシア日本橋横山町,中央区日本橋横山町,ＪＲ総武線快速/馬喰町 徒歩1分,2017年12月,6388万円,6388万円,2LDK,2LDK,54.46,54.46
541,アールブラン馬込,大田区中馬込２,都営浅草線/馬込 徒歩5分,2018年3月,6390万円,6390万円,2LDK+S,2LDK+S,64.63,64.63
542,ピアース中野坂上,中野区中央１,東京メトロ丸ノ内線/中野坂上 徒歩3分,2018年3月,6390万円,6390万円,2LDK,2LDK,53.93,53.93
543,ディアナコート日本橋浜町,中央区日本橋浜町２,都営新宿線/浜町 徒歩2分,2018年3月,6880万円,6880万円,1LDK+S,1LDK+S,54.42,54.42
544,オープンレジデンシア吉祥寺御殿山,武蔵野市御殿山１,ＪＲ中央線/吉祥寺 徒歩6分,2018年4月,6898万円,6898万円,2LDK,2LDK,62.95,62.95
545,オープンレジデンシア御茶ノ水,文京区湯島３,ＪＲ総武線/御茶ノ水 徒歩6分,2018年8月,7388万円,7388万円,2LDK,2LDK,54.14,54.14
546,ロイヤルシーズン池田山,品川区東五反田５,都営浅草線/五反田 徒歩6分,即入居可,7780万円,1億8780万円,2LDK,2LDK,65.31,100.98
547,プレミスト佃二丁目,中央区佃２,東京メトロ有楽町線/月島 徒歩3分,即入居可,8258万円,9728万円,3LDK,3LDK,75.44,92.79
548,ロイヤルシーズン白金台,港区白金台３,東京メトロ南北線/白金台 徒歩8分,2017年11月下旬,8430万円,1億1650万円,2LDK,2LDK,64.04,71.23
549,プラウドシティ阿佐ヶ谷,杉並区成田東４,東京メトロ丸ノ内線/南阿佐ヶ谷 徒歩6分,即入居可,8690万円,8690万円,3LDK,3LDK,78.31,78.31
550,クリオ駒沢公園,目黒区東が丘１,東急田園都市線/駒沢大学 徒歩16分,即入居可,8950万8000円,8950万8000円,2LDK,2LDK,82.4,82.4
551,ディアナコート茗荷谷翠景,文京区大塚３,東京メトロ丸ノ内線/茗荷谷 徒歩7分,即入居可,1億500万円,1億500万円,2LDK+S,2LDK+S,78.28,78.28
552,ディアナコート浜田山,杉並区浜田山４,京王井の頭線/浜田山 徒歩10分,即入居可,1億500万円,1億500万円,3LDK,3LDK,81.15,81.15
553,オープンレジデンシア代々木,渋谷区代々木１,ＪＲ山手線/代々木 徒歩3分,2018年9月,1億878万円,1億878万円,3LDK,3LDK,68.44,68.44
554,オープンレジデンシア本郷菊坂,文京区本郷５,東京メトロ丸ノ内線/本郷三丁目 徒歩6分,2018年6月末予定,1億1998万円,1億1998万円,3LDK,3LDK,86.88,86.88
555,プレミスト白金台,港区白金台３,東京メトロ南北線/白金台 徒歩1分,即入居可,1億2680万円,2億2880万円,2LDK,2LDK,75.24,90.24
556,ロイヤルシーズン赤坂,港区赤坂８,東京メトロ銀座線/青山一丁目 徒歩5分,2018年1月,1億3030万円,2億5900万円,1LDK,3LDK,70.49,100.22
557,ONE AVENUE 一番町文人通り,千代田区一番町,東京メトロ半蔵門線/半蔵門 徒歩5分,2018年8月末予定,2億1400万円,2億1400万円,3LDK,3LDK,94.68,94.68
558,ジオグランデ元麻布,港区元麻布３,東京メトロ日比谷線/六本木 徒歩9分,2018年3月,2億1500万円,2億1500万円,2LDK,2LDK,94,94
559,THE SANMAISON 表参道,渋谷区神宮前４,東京メトロ銀座線/表参道 徒歩5分,2018年3月,2億3400万円,2億3400万円,3LDK,3LDK,118.49,118.49
560,カサーレ小平,東京都小平市美園町２,西武新宿線/小平 徒歩8分,相談,3950万円,3950万円,3LDK,3LDK,65.1,65.1
561,エルパティオ両国,東京都墨田区両国１,都営大江戸線/両国 徒歩10分,相談,3980万円,3980万円,1LDK,1LDK,40.56,40.56
562,カサーレ小平,東京都小平市美園町２,西武新宿線/小平 徒歩8分,相談,4040万円,4040万円,3LDK,3LDK,67.89,67.89
563,カサーレ小平,東京都小平市美園町２,西武新宿線/小平 徒歩8分,相談,4260万円,4260万円,3LDK,3LDK,71.72,71.72
564,カサーレ小平,東京都小平市美園町２,西武新宿線/小平 徒歩8分,相談,4270万円,4270万円,3LDK,3LDK,68.31,68.31
565,カサーレ小平,東京都小平市美園町２,西武新宿線/小平 徒歩8分,相談,4330万円,4330万円,3LDK,3LDK,68.31,68.31
566,カサーレ小平,東京都小平市美園町２,西武新宿線/小平 徒歩8分,相談,4470万円,4470万円,3LDK,3LDK,71.5,71.5
567,カサーレ小平,東京都小平市美園町２,西武新宿線/小平 徒歩8分,相談,4560万円,4560万円,3LDK,3LDK,70.15,70.15
568,カサーレ小平,東京都小平市美園町２,西武新宿線/小平 徒歩8分,相談,4600万円,4600万円,3LDK,3LDK,74.1,74.1
569,カサーレ小平,東京都小平市美園町２,西武新宿線/小平 徒歩8分,相談,4620万円,4620万円,3LDK,3LDK,70.15,70.15
570,ザ・パークハウス西新宿タワー６０,東京都新宿区西新宿５,都営大江戸線/西新宿五丁目 徒歩7分,相談,4800万円,4800万円,1DK,1DK,35.66,35.66
571,カサーレ小平,東京都小平市美園町２,西武新宿線/小平 徒歩8分,相談,4850万円,4850万円,4LDK,4LDK,80.58,80.58
572,ジーベック錦糸北斎通り,東京都墨田区亀沢４,ＪＲ総武線/錦糸町 徒歩9分,相談,4880万円,4880万円,1LDK,1LDK,51.16,51.16
573,アビダス西国分寺,東京都国分寺市西恋ヶ窪４,ＪＲ中央線/西国分寺 徒歩9分,即入居可,4998万円,4998万円,3LDK,3LDK,71.3,71.3
574,アビダス西国分寺,東京都国分寺市西恋ヶ窪４,ＪＲ中央線/西国分寺 徒歩9分,相談,4998万円,4998万円,3LDK,3LDK,71.3,71.3
575,プラウド府中セントラル,東京都府中市府中町２,京王線/府中 徒歩3分,2018年3月予定,5080万円,5080万円,2LDK,2LDK,53.77,53.77
576,シティハウス中目黒テラス,東京都目黒区中目黒４,東急東横線/中目黒 徒歩14分,相談,5380万円,5380万円,1LDK,1LDK,38.9,38.9
577,サンウッド東日本橋フラッツ,東京都中央区日本橋横山町,ＪＲ総武線快速/馬喰町 徒歩1分,即入居可,5480万円,5480万円,1LDK,1LDK,40,40
578,パークシティ中央湊　ザ　タワー,東京都中央区湊２,東京メトロ日比谷線/八丁堀 徒歩6分,2018年3月予定,5680万円,5680万円,1LDK,1LDK,48.12,48.12
579,シティテラス小金井公園,東京都小平市花小金井南町１,ＪＲ中央線/武蔵小金井 バス6分 停歩4分,2018年4月予定,5698万円,5698万円,4LDK,4LDK,80.13,80.13
580,ザ・パークハウス西新宿タワー６０,東京都新宿区西新宿５,都営大江戸線/西新宿五丁目 徒歩7分,相談,6200万円,6200万円,1LDK,1LDK,47.48,47.48
581,ブリリア　ザタワー東京　八重洲アヴェニュー,東京都中央区新川２,東京メトロ日比谷線/八丁堀 徒歩4分,相談,6480万円,6480万円,1LDK,1LDK,43.89,43.89
582,ブリリア　ザタワー東京　八重洲アベニュー,東京都中央区新川２,東京メトロ日比谷線/八丁堀 徒歩4分,相談,6480万円,6480万円,1LDK,1LDK,43.89,43.89
583,シティハウス森下ステーションコート,東京都江東区新大橋２,都営新宿線/森下 徒歩4分,相談,6750万円,6750万円,2LDK+S,2LDK+S,67.61,67.61
584,ザ・パークハウス西新宿タワー６０,東京都新宿区西新宿５,都営大江戸線/西新宿五丁目 徒歩8分,相談,6980万円,6980万円,2LDK,2LDK,57.47,57.47
585,ブリリアタワーズ目黒　サウスレジデンス,東京都品川区上大崎３,ＪＲ山手線/目黒 徒歩2分,2018年1月予定,7180万円,7180万円,1ワンルーム,1ワンルーム,34.86,34.86
586,プラウド桜新町,東京都世田谷区弦巻５,東急田園都市線/桜新町 徒歩10分,相談,7280万円,7280万円,3LDK,3LDK,74.46,74.46
587,ザ・パークハウス西新宿タワー６０,東京都新宿区西新宿５,東京メトロ丸ノ内線/西新宿 徒歩9分,相談,7380万円,7380万円,2LDK,2LDK,59.51,59.51
588,オープンレジデンシア日本橋馬喰町,東京都中央区日本橋馬喰町１,ＪＲ総武線快速/馬喰町 徒歩1分,2018年3月予定,7450万円,7450万円,2LDK,2LDK,60.79,60.79
589,ザ・パークハウス西新宿タワー６０,東京都新宿区西新宿５,都営大江戸線/西新宿五丁目 徒歩7分,相談,7500万円,7500万円,2LDK,2LDK,56.39,56.39
590,アトラス押上,東京都墨田区向島３,東京メトロ半蔵門線/押上 徒歩9分,相談,7500万円,7500万円,3LDK,3LDK,68.32,68.32
591,ザ・パークハウス西新宿タワー６０,東京都新宿区西新宿５,東京メトロ丸ノ内線/西新宿 徒歩9分,2017年11月,7800万円,7800万円,1LDK,1LDK,49.11,49.11
592,ザ・パークハウス西新宿タワー６０,東京都新宿区西新宿５,都営大江戸線/西新宿五丁目 徒歩8分,相談,7900万円,7900万円,2LDK,2LDK,59.51,59.51
593,ザ・パークハウス西新宿タワー６０,東京都新宿区西新宿５,都営大江戸線/西新宿五丁目 徒歩7分,相談,7980万円,7980万円,2LDK,2LDK,59.51,59.51
594,シティタワー国分寺ザ・ツイン,東京都国分寺市本町３,ＪＲ中央線/国分寺 徒歩1分,2018年4月予定,8350万円,8350万円,3LDK,3LDK,71.21,71.21
595,パークシティ中央湊ザタワー,東京都中央区湊２,東京メトロ日比谷線/八丁堀 徒歩6分,相談,8380万円,8380万円,2LDK,2LDK,61.97,61.97
596,ザ・パークハウス西新宿タワー６０,東京都新宿区西新宿５,都営大江戸線/西新宿五丁目 徒歩7分,相談,8680万円,8680万円,2LDK,2LDK,59.51,59.51
597,ブリリアタワーズ目黒　サウスレジデンス,東京都品川区上大崎３,ＪＲ山手線/目黒 徒歩2分,2018年3月予定,9200万円,9200万円,1LDK,1LDK,48.78,48.78
598,Ｂｒｉｌｌｉａ　ＴＨＥ　ＴＯＷＥＲ　ＴＯＫＹＯ　ＹＡＥＳＵＡＶＥ,東京都中央区新川２,ＪＲ山手線/東京 徒歩16分,相談,9350万円,9350万円,2LDK,2LDK,68.79,68.79
599,ブリリアタワーズ目黒サウスレジデンス,東京都品川区上大崎３,ＪＲ山手線/目黒 徒歩2分,2018年3月予定,9480万円,9480万円,1LDK,1LDK,48.78,48.78
600,ブリリアタワーズ目黒　ノースレジデンス,東京都品川区上大崎３,ＪＲ山手線/目黒 徒歩1分,2018年3月予定,9480万円,9480万円,1LDK,1LDK,49.87,49.87
601,Ｂｒｉｌｌｉａ　ＴＨＥ　ＴＯＷＥＲ　ＴＯＫＹＯ　ＹＡＥＳＵＡＶＥ,東京都中央区新川２,ＪＲ山手線/東京 徒歩16分,相談,9850万円,9850万円,3LDK,3LDK,73.3,73.3
602,ザ・パークハウス西新宿タワー６０,東京都新宿区西新宿５,都営大江戸線/西新宿五丁目 徒歩7分,相談,9950万円,9950万円,3LDK,3LDK,72.95,72.95
603,ザ・パークハウス西新宿タワー６０,東京都新宿区西新宿５,都営大江戸線/西新宿五丁目 徒歩8分,相談,9980万円,9980万円,3LDK,3LDK,87.37,87.37
604,Ｂｒｉｌｌｉａ　ＴＨＥ　ＴＯＷＥＲ　ＴＯＫＹＯ　ＹＡＥＳＵＡＶＥ,東京都中央区新川２,ＪＲ山手線/東京 徒歩16分,相談,9980万円,9980万円,3LDK,3LDK,75.06,75.06
605,ザ・パークハウス西新宿タワー６０,東京都新宿区西新宿５,都営大江戸線/西新宿五丁目 徒歩8分,相談,9990万円,9990万円,3LDK,3LDK,81.5,81.5
606,ザ・パークハウス西新宿タワー６０,東京都新宿区西新宿５,都営大江戸線/西新宿五丁目 徒歩8分,相談,1億180万円,1億180万円,3LDK,3LDK,77.93,77.93
607,ザ・パークハウス西新宿タワー６０,東京都新宿区西新宿５,都営大江戸線/西新宿五丁目 徒歩8分,相談,1億290万円,1億290万円,3LDK,3LDK,81.5,81.5
608,ＢｒｉｌｌｉａＴｏｗｅｒｓ目黒　ノースレジデンス,東京都品川区上大崎３,ＪＲ山手線/目黒 徒歩1分,2018年2月予定,1億700万円,1億700万円,2LDK,2LDK,54.42,54.42
609,ブリリアタワーズ目黒ノースレジデンス,東京都品川区上大崎３,ＪＲ山手線/目黒 徒歩1分,2018年3月予定,1億850万円,1億850万円,1LDK+S,1LDK+S,54.42,54.42
610,ザ・パークハウス西新宿タワー６０,東京都新宿区西新宿５,都営大江戸線/西新宿五丁目 徒歩7分,相談,1億1500万円,1億1500万円,2LDK,2LDK,70.01,70.01
611,ザ・パークハウス西新宿タワー６０,東京都新宿区西新宿５,都営大江戸線/西新宿五丁目 徒歩7分,相談,1億2800万円,1億2800万円,3LDK+S,3LDK+S,83.37,83.37
612,ザ・パークハウス西新宿タワー６０,東京都新宿区西新宿５,都営大江戸線/西新宿五丁目 徒歩7分,2018年3月予定,1億2800万円,1億2800万円,3LDK,3LDK,83.37,83.37
613,ザ・パークハウス西新宿タワー６０,東京都新宿区西新宿５,都営大江戸線/西新宿五丁目 徒歩8分,2018年4月予定,1億2800万円,1億2800万円,3LDK,3LDK,83.37,83.37
614,ザ・パークハウス新宿御苑,東京都新宿区新宿２,東京メトロ丸ノ内線/新宿御苑前 徒歩1分,2017年12月予定,1億3800万円,1億3800万円,3LDK,3LDK,75.66,75.66
615,ザ・パークハウス西新宿タワー６０,東京都新宿区西新宿５,東京メトロ丸ノ内線/西新宿 徒歩9分,相談,1億4000万円,1億4000万円,3LDK,3LDK,89.86,89.86
